#cP2026  8 14  0  0  0.00000000      96 ORBIT IGc20 HLM  IGS
## 2431 432000.00000000   900.00000000 61266 0.0000000000000
+   31   G01G02G03G04G05G06G07G08G09G10G11G12G13G14G15G16G17
+        G18G19G20G21G22G23G25G26G27G28G29G30G31G32  0  0  0
+          0  0  0  0  0  0  0  0  0  0  0  0  0  0  0  0  0
+          0  0  0  0  0  0  0  0  0  0  0  0  0  0  0  0  0
+          0  0  0  0  0  0  0  0  0  0  0  0  0  0  0  0  0
++         2  2  1  1  1  1  2  1  1  1  2  1  2  1  1  2  1
++         2  1  2  1  1  1  1  1  1  2  1  2  1  1  0  0  0
++         0  0  0  0  0  0  0  0  0  0  0  0  0  0  0  0  0
++         0  0  0  0  0  0  0  0  0  0  0  0  0  0  0  0  0
++         0  0  0  0  0  0  0  0  0  0  0  0  0  0  0  0  0
%c G  cc GPS ccc cccc cccc cccc cccc ccccc ccccc ccccc ccccc
%c cc cc ccc ccc cccc cccc cccc cccc ccccc ccccc ccccc ccccc
%f  1.2500000  1.025000000  0.00000000000  0.000000000000000
%f  0.0000000  0.000000000  0.00000000000  0.000000000000000
%i    0    0    0    0      0      0      0      0         0
%i    0    0    0    0      0      0      0      0         0
/* FINAL ORBIT COMBINATION FROM WEIGHTED AVERAGE OF:        
/* cod emr esa gfz grg jgx jpl mit ngs sio                  
/* REFERENCED TO GPS CLOCK AND TO WEIGHTED MEAN POLE:       
/* PCV:IGS20_2425 OL/AL:FES2014b NONE     Y  ORB:CMB CLK:CMB
*  2026  8 14  0  0  0.00000000
PG01 -13287.587874 -14816.613463 -17641.229988    197.597818 12 11 12  82       
PG02  -5239.095093 -14770.751988 -21158.537509    156.661564  8  7  6  77       
PG03 -11744.969568 -23788.334270   1880.478666    324.232080  7  5  3  63       
PG04  -6692.923415 -14791.846118  21011.940483     63.968346  8  1  5  76       
PG05   4554.200859  23960.610175  10313.679070   -235.957064  6  5  5  90       
PG06 -22673.852426   5778.006517  12777.474478   -551.538624  4  6  6  84       
PG07 -24609.944439  -7770.927209   7692.719081   -215.286076  8  7  8  74       
PG08   1372.096914 -22039.964412 -14602.292016    374.445137  8  6  4  89       
PG09 -14969.818808  -4228.088552  21430.365367    701.812564  4  4  4  80       
PG10  14653.036549  -1928.468946 -21829.045727   -551.703671  4  5  4  69       
PG11 -11940.775458  12542.058945  20174.088222   -243.046357 11  9  7  94       
PG12   9829.065492  24649.576643    722.666146   -604.211370  6  4  6  59       
PG13  11003.695930  24113.148348  -1535.339689    428.751434  9  5  7  72       
PG14 -16820.933249  -1163.499675 -20478.134473    750.226416  5  4  4 103       
PG15   1901.630335  21956.040978 -15373.826279    436.359659  3  6  5  80       
PG16   3038.960722 -21629.080537  14412.125146    315.531514  8  3  5  58       
PG17 -20142.817841   8337.394826 -14997.276172   -187.814889  4  5  5  97       
PG18  25586.380635   6142.910438   4698.269145   -280.822857  7 11  5  94       
PG19 -19611.417486  16564.609019  -5561.829939    704.573348  3  2  5  86       
PG20  -9009.924745  23569.981142  -8253.017192    259.661263  4  4  6  79       
PG21  -6025.119704  18145.530490  18421.761906    383.522046  5  6  5  93       
PG22 -13578.842795   6937.375768 -21444.327219     57.398683  6  5  4 104       
PG23  17483.336031  10049.930672 -17356.253306    678.991400  7  4  6  80       
PG25  16985.136219  17446.663134  10509.641894    398.064240  5  5  4  68       
PG26   9761.927851 -13491.261682  20369.837967   -388.676304  6  6  4  85       
PG27  11468.997398 -23232.362776  -5049.521321      0.517875  8  2  2  79       
PG28  23843.275180  -5578.790732  10320.947636   -443.522171  8  6  6  82       
PG29  13728.819089   7119.591277  21577.561228   -262.914424  6  9  6  98       
PG30 -26024.203301   1898.365775  -5420.164605    329.294596  6  7  5 101       
PG31  16891.231404 -10454.296931  17470.836984   -128.385248  7  5  4  90       
PG32  19264.511011 -13682.144620 -11664.432604    215.685197  4  1  5  96       
*  2026  8 14  0 15  0.00000000
PG01 -11186.873279 -14673.977225 -19146.114624    197.589357 12 10 11  81       
PG02  -2726.833598 -14855.041386 -21508.469192    156.667919  8  6  5  81       
PG03 -11640.319485 -23917.444742  -1035.792033    324.213914  7  4  4  61       
PG04  -5257.543507 -16643.849388  19993.299283     63.968757  8  1  4  89       
PG05   3750.418965  22870.269657  12778.565366   -235.957005  6  4  5  79       
PG06 -23959.734597   5519.327881  10306.058686   -551.530094  4  6  6  71       
PG07 -23658.893935  -7932.761764  10259.692203   -215.289156  7  7  8  76       
PG08   2381.860817 -23228.601927 -12393.218536    374.436329  7  5  3  71       
PG09 -13672.663836  -6356.033208  21760.212090    701.805421  5  4  5  77       
PG10  15717.125629    342.204156 -21199.841567   -551.698084  3  5  4  69       
PG11 -14143.885277  12200.868124  18908.211414   -243.035448 11  9  7  79       
PG12   9567.055130  24704.173151  -2127.233652   -604.210646  6  4  6  57       
PG13  10616.954048  23948.973431  -4362.490082    428.755829  9  4  7  52       
PG14 -17736.794027  -3283.197193 -19484.493626    750.226360  5  4  4  93       
PG15   1086.092927  23299.439344 -13249.219607    436.362290  1  5  5  81       
PG16   3921.328559 -19994.198571  16408.733963    315.537169  7  3  4  85       
PG17 -19162.223547   6727.470819 -16897.591729   -187.819633  4  5  5  98       
PG18  24891.491956   6283.059797   7444.890377   -280.814843  7 10  5  93       
PG19 -19335.636267  15755.850677  -8288.653975    704.573745  3  2  5  85       
PG20  -9636.420331  24116.167661  -5543.206731    259.670594  4  4  6  85       
PG21  -7072.211591  16222.406883  19795.812622    383.515987  5  6  5  91       
PG22 -14488.930482   4582.969150 -21452.754291     57.406367  6  5  4 100       
PG23  18258.419805  11757.826362 -15409.189370    678.994732  7  4  6  61       
PG25  17275.430486  18540.679393   7971.029691    398.061239  5  4  3  70       
PG26  11139.302378 -11486.069208  20916.324964   -388.678008  6  6  3  83       
PG27  11936.983994 -23387.892617  -2230.662626      0.517412  8  2  2  68       
PG28  24865.643260  -5316.595254   7720.122882   -443.512463  8  6  6  78       
PG29  12218.925254   9091.949341  21728.535703   -262.907814  6  8  5  84       
PG30 -26493.905431   1575.833718  -2677.564452    329.306106  6  6  5  92       
PG31  18808.999033 -10127.304513  15666.438474   -128.383006  7  5  4  80       
PG32  18612.611855 -12300.394702 -13991.408924    215.702699  3  1  5  83       
*  2026  8 14  0 30  0.00000000
PG01  -8929.873533 -14628.914240 -20322.650713    197.580924 12 10 10  81       
PG02   -197.572827 -15070.455822 -21476.451815    156.674324  7  5  5  86       
PG03 -11384.865418 -23763.711776  -3934.374962    324.195735  6  4  4  67       
PG04  -3994.925695 -18457.379226  18629.862237     63.969208  8  2  4  81       
PG05   2742.256553  21599.081186  15021.151136   -235.957349  7  4  5  92       
PG06 -24969.142265   5341.199441   7659.246520   -551.521605  3  6  6  80       
PG07 -22444.929892  -8140.618212  12658.222778   -215.292298  7  6  7  79       
PG08   3216.121991 -24232.415312  -9967.859514    374.427516  7  5  3  74       
PG09 -12481.466153  -8564.283559  21711.963425    701.798331  6  4  5  77       
PG10  16861.540120   2463.226533 -20198.883460   -551.692461  3  5  4  68       
PG11 -16201.446048  11982.426236  17317.649567   -243.024524 11  9  7  79       
PG12   9170.714538  24483.414940  -4940.618395   -604.210138  5  3  6  75       
PG13  10055.028648  23537.350678  -7114.540350    428.760242  9  3  7  64       
PG14 -18690.871593  -5237.531536 -18155.256949    750.226358  5  4  3  86       
PG15    421.051832  24450.640418 -10903.298202    436.365250  1  5  5  80       
PG16   4974.444054 -18212.065205  18109.876151    315.543120  7  3  3  85       
PG17 -18154.661974   4898.085437 -18502.432693   -187.824096  4  5  4  93       
PG18  23903.347367   6454.628261  10065.792731   -280.806815  6 10  5  90       
PG19 -18922.480088  14689.421082 -10868.294721    704.573945  3  2  5  85       
PG20 -10082.306330  24420.763319  -2737.928764    259.679921  4  5  6  80       
PG21  -8284.614679  14237.854694  20828.949783    383.510020  5  6  5  93       
PG22 -15509.165450   2293.759413 -21080.579285     57.413942  6  5  4 106       
PG23  19007.883887  13215.079321 -13198.952668    678.998044  6  4  6  55       
PG25  17468.499454  19363.419797   5295.271609    398.058213  5  4  3  64       
PG26  12629.035737  -9515.701559  21093.604059   -388.679691  6  6  2  75       
PG27  12242.422904 -23282.259395    627.460770      0.517298  8  2  2  61       
PG28  25598.546267  -5101.156953   4986.626985   -443.502800  7  6  7  75       
PG29  10814.597107  11137.861503  21504.564732   -262.901165  6  8  4  87       
PG30 -26667.842256   1275.560056    110.551420    329.317627  5  6  5  99       
PG31  20517.113714  -9906.305159  13590.299272   -128.380448  7  5  5  78       
PG32  17910.060192 -10665.119005 -16071.352590    215.720192  3  1  4  73       
*  2026  8 14  0 45  0.00000000
PG01  -6559.562323 -14699.577610 -21150.460415    197.572418 12  9  9  80       
PG02   2297.739603 -15411.622980 -21061.131085    156.680732  6  4  5  88       
PG03 -10946.830607 -23352.042151  -6765.882125    324.177502  6  3  5  66       
PG04  -2913.174222 -20185.206649  16944.664826     63.969688  8  2  4  80       
PG05   1521.946431  20190.519110  17002.030271   -235.957751  7  5  4  87       
PG06 -25680.862769   5208.134341   4882.055183   -551.513153  3  6  7  81       
PG07 -20992.662859  -8425.556939  14849.918913   -215.295723  7  6  7  73       
PG08   3890.388198 -25014.370232  -7367.824273    374.418708  7  4  2  81       
PG09 -11419.315773 -10808.381660  21286.212742    701.791225  6  4  5  81       
PG10  18050.194948   4398.463431 -18845.069588   -551.686839  2  5  4  66       
PG11 -18071.781490  11867.467568  15429.412652   -243.013641 11  9  7  67       
PG12   8611.061615  24011.136998  -7669.443859   -604.209337  5  3  6  77       
PG13   9294.808255  22908.522162  -9744.220959    428.764625  9  4  7  72       
PG14 -19648.184486  -6998.743426 -16514.215035    750.226341  5  4  3  96       
PG15   -112.841010  25374.516143  -8374.229641    436.367863  2  4  5  55       
PG16   6200.125568 -16329.716294  19484.937876    315.549280  7  3  2  87       
PG17 -17159.393045   2872.053675 -19782.326968   -187.829041  4  5  4 100       
PG18  22640.737122   6692.735665  12516.672829   -280.798768  5  9  5  94       
PG19 -18412.256209  13364.935998 -13255.426045    704.574419  3  3  5  90       
PG20 -10375.374003  24458.214123    114.472673    259.689245  4  5  6  93       
PG21  -9651.686297  12238.664804  21503.497006    383.504020  5  6  5  92       
PG22 -16613.806537    113.258082 -20333.619038     57.421268  5  4  3 108       
PG23  19689.137064  14409.715234 -10763.797787    679.001430  6  4  5  41       
PG25  17528.111397  19921.091178   2528.849987    398.055175  4  4  3  46       
PG26  14204.719286  -7620.070159  20899.725065   -388.681386  6  6  2  82       
PG27  12415.882702 -22895.626940   3474.439201      0.517103  7  3  1  83       
PG28  26028.753052  -4896.336792   2167.434322   -443.493151  7  6  7  70       
PG29   9540.686084  13215.009105  20909.006484   -262.894720  6  8  3  87       
PG30 -26544.355674    962.432541   2896.814972    329.329119  5  6  5  90       
PG31  21982.548143  -9765.182659  11279.418130   -128.377797  7  5  5  67       
PG32  17197.964326  -8793.959614 -17867.137892    215.737713  3  1  4  69       
*  2026  8 14  1  0  0.00000000
PG01  -4122.313273 -14896.743323 -21615.109395    197.563996 12  8  8  80       
PG02   4709.436194 -15864.967651 -20268.258935    156.686990  6  4  5  94       
PG03 -10300.444389 -22714.332548  -9482.298114    324.159341  6  2  5  67       
PG04  -2011.933631 -21780.635292  14966.394260     63.970171  7  2  3  75       
PG05     90.445651  18690.454659  18686.305868   -235.958034  7  5  4  94       
PG06 -26082.241320   5081.831133   2021.728089   -551.504644  3  6  7  98       
PG07 -19332.841693  -8813.988104  16799.919483   -215.298706  7  6  7  80       
PG08   4426.710005 -25542.840694  -4638.185955    374.409875  7  3  2  68       
PG09 -10501.628651 -13040.851067  20490.185553    701.784101  6  5  5  76       
PG10  19242.411759   6119.563702 -17163.380416   -551.681254  1  4  3  66       
PG11 -19718.513233  11830.261791  13275.682320   -243.002747 10  9  7  62       
PG12   7864.706801  23317.764071 -10267.422247   -604.208736  5  3  6  62       
PG13   8320.049878  22098.103917 -12206.450864    428.769022  9  4  7  61       
PG14 -20570.628729  -8546.544415 -14590.352008    750.226304  5  5  3 100       
PG15   -540.725651  26041.317766  -5703.654393    436.370889  4  4  5  81       
PG16   7591.647462 -14395.474572  20509.459906    315.555016  6  3  1  86       
PG17 -16212.248321    680.048292 -20713.400156   -187.833674  3  4  4  94       
PG18  21130.165425   7028.648713  14756.011117   -280.790761  4  9  5  88       
PG19 -17846.168368  11790.847862 -15408.469771    704.574640  3  3  5  80       
PG20 -10548.270562  24210.397899   2964.912280    259.698559  5  6  7  85       
PG21 -11154.762513  10269.869238  21807.960845    383.498060  6  6  5  87       
PG22 -17770.676847  -1920.129207 -19224.598208     57.429263  5  4  3 110       
PG23  20259.474041  15338.776087  -8145.601865    679.004733  5  4  5  41       
PG25  17421.074186  20227.939662   -280.676686    398.052132  4  3  3  40       
PG26  15834.145341  -5834.071233  20339.400072   -388.683073  5  6  1  73       
PG27  12491.831695 -22216.435883   6259.628194      0.517389  7  2  1  54       
PG28  26151.766137  -4664.692108   -689.007957   -443.483476  7  6  7  61       
PG29   8414.644092  15277.803925  19951.681312   -262.888265  6  7  3  85       
PG30 -26130.023353    601.793951   5634.120584    329.340572  5  6  5  79       
PG31  23179.428364  -9672.891278   8774.534317   -128.375165  6  5  5  52       
PG32  16514.858103  -6713.115699 -19346.713348    215.755229  3  1  3  71       
*  2026  8 14  1 15  0.00000000
PG01  -1666.311607 -15223.327210 -21708.367369    197.555584 12  8  7  88       
PG02   6990.953541 -16409.193928 -19110.701278    156.693256  5  3  5  76       
PG03  -9427.076373 -21888.157380 -12037.758023    324.141170  6  2  5  81       
PG04  -1282.561595 -23199.232363  12728.918495     63.970578  7  3  3  72       
PG05  -1542.376537  17145.393543  20044.246310   -235.958425  7  4  4  99       
PG06 -26169.607664   4922.816312   -873.041976   -551.496145  3  6  7  78       
PG07 -17501.306249  -9326.613823  18477.312036   -215.301926  7  6  6  70       
PG08   4852.637877 -25792.914397  -1826.686421    374.401064  7  3  2  45       
PG09  -9735.647405 -15212.882531  19337.622620    701.776963  6  4  5  86       
PG10  20394.527158   7606.803718 -15184.332902   -551.675681  1  4  3  59       
PG11 -21111.822991  11839.724964  10893.280306   -242.991812 10  9  7  78       
PG12   6914.902358  22439.057020 -12690.771428   -604.208141  5  3  5  66       
PG13   7122.189196  21145.654397 -14459.101409    428.773451  9  5  7  71       
PG14 -21418.464133  -9868.649699 -12417.298023    750.226401  6  5  2  92       
PG15   -892.459561  26427.834141  -2936.100336    436.373643  6  4  5  73       
PG16   9133.844122 -12457.080833  21165.614194    315.561123  6  4  1  63       
PG17 -15344.182184  -1640.349280 -21277.916599   -187.838394  3  4  4  78       
PG18  19404.950592   7488.426266  16745.742078   -280.782716  4  8  5  88       
PG19 -17264.570789   9984.246687 -17290.343341    704.575183  3  3  5  67       
PG20 -10637.043136  23667.385747   5764.408691    259.707944  6  6  7  91       
PG21 -12767.737043   8373.141513  21737.220238    383.492060  6  6  5  85       
PG22 -18942.396696  -3774.463315 -17772.941863     57.437197  5  4  3  91       
PG23  20677.771224  16008.214317  -5389.146882    679.008065  5  5  5  58       
PG25  17118.603984  20305.482306  -3085.483829    398.049155  4  3  3  35       
PG26  17480.495406  -4186.412396  19423.823964   -388.684788  5  6  1  39       
PG27  12507.091304 -21242.055584   8933.134672      0.518111  7  3  1  49       
PG28  25971.943834  -4369.116099  -3533.609815   -443.473798  7  7  7  79       
PG29   7445.962834  17279.002998  18648.732968   -262.881263  6  7  4  68       
PG30 -25439.367799    160.944192   8276.378879    329.352119  5  5  5  75       
PG31  24089.842211  -9594.853201   6119.363463   -128.372849  6  5  4  61       
PG32  15895.101014  -4456.515604 -20483.734405    215.772730  3  2  3  73       
*  2026  8 14  1 30  0.00000000
PG01    760.103752 -15674.216077 -21428.365289    197.547269 12  7  6  75       
PG02   9100.550161 -17016.117714 -17608.279376    156.699733  5  4  5  81       
PG03  -8316.097392 -20915.265694 -14389.277135    324.123011  5  2  5  83       
PG04   -708.632730 -24400.491502  10270.716576     63.970935  7  3  3  67       
PG05  -3357.908382  15600.694506  21051.848273   -235.958397  7  5  4  91       
PG06 -25948.375907   4692.137721  -3752.916061   -551.487678  4  6  7  78       
PG07 -15537.788659  -9977.583302  19855.497792   -215.305019  6  6  5  60       
PG08   5199.941551 -25747.454000   1017.136838    374.392226  7  2  1  36       
PG09  -9120.276194 -17276.082536  17848.541167    701.769905  6  4  5  84       
PG10  21461.609455   8849.579753 -12943.348451   -551.670077  1  4  3  56       
PG11 -22229.474250  11860.751766   8323.051910   -242.980937 10  9  7  68       
PG12   5752.331929  21414.684349 -14898.904281   -604.207562  5  3  5  69       
PG13   5700.855439  20093.108626 -16463.704329    428.777860  9  6  7  73       
PG14 -22151.862307 -10961.002930 -10032.717060    750.226363  6  5  2  81       
PG15  -1201.340348  26518.342392   -118.320013    436.376308  7  4  5  68       
PG16  10803.580623 -10559.869734  21442.521824    315.566840  6  4  1  58       
PG17 -14580.018602  -4045.895055 -21464.706872   -187.843517  3  3  4  78       
PG18  17504.081050   8091.761029  18451.876932   -280.774713  4  8  5  89       
PG19 -16705.288995   7970.316634 -18869.096005    704.575193  3  4  5  84       
PG20 -10679.560376  22827.897782   8464.923084    259.717285  6  7  7  91       
PG21 -14457.936332   6585.337816  21292.606342    383.486028  6  6  5  83       
PG22 -20087.853096  -5425.365069 -16004.418656     57.444203  4  5  3  87       
PG23  20906.123406  16432.458871  -2541.367999    679.011391  5  5  5  43       
PG25  16597.515396  20181.488535  -5838.263901    398.046073  4  3  3  46       
PG26  19103.709952  -2698.709386  18170.372551   -388.686484  5  5  1  68       
PG27  12499.178440 -19979.082800  11446.814549      0.518397  7  2  1  60       
PG28  25502.293765  -3974.467548  -6317.479549   -443.464119  6  7  7  53       
PG29   6635.932422  19171.404668  17022.374555   -262.874938  6  6  4  73       
PG30 -24494.286209   -389.441548  10779.241906    329.363643  5  5  5  78       
PG31  24704.342169  -9494.479012   3359.807443   -128.370245  6  5  4  69       
PG32  15367.460047  -2064.671438 -21258.078888    215.790184  3  2  3  64       
*  2026  8 14  1 45  0.00000000
PG01   3110.105192 -16236.420902 -20779.645492    197.538775 12  6  6  84       
PG02  11002.838669 -17651.818792 -15787.441690    156.706182  6  4  5  91       
PG03  -6965.438267 -19839.944932 -16497.423811    324.104975  5  3  5  81       
PG04   -266.755195 -25349.361389   7634.218990     63.971331  6  3  3  65       
PG05  -5329.319054  14098.841212  21691.293431   -235.958334  7  4  4  86       
PG06 -25432.812868   4353.045000  -6568.726987   -551.479220  4  5  7  75       
PG07 -13484.602114 -10773.883389  20912.506905   -215.308223  6  6  5  62       
PG08   5503.142681 -25397.863944   3842.883518    374.383413  7  2  1  48       
PG09  -8646.256409 -19184.215232  16048.878382    701.762730  6  3  5  77       
PG10  22399.213580   9846.538507 -10480.052583   -551.664555  1  5  2  64       
PG11 -23057.552908  11855.717949   5609.173898   -242.969978 10  9  6 106       
PG12   4375.614960  20286.674967 -16855.050815   -604.206861  5  4  4  73       
PG13   4064.071965  18983.138904 -18186.092870    428.782245  8  6  8  76       
PG14 -22732.457257 -11827.690086  -7477.642511    750.226354  6  5  2  81       
PG15  -1502.667183  26305.307862   2701.445913    436.378941  7  4  5  77       
PG16  12570.566302  -8745.071381  21336.406519    315.572665  6  4  1  64       
PG17 -13937.451120  -6489.179163 -21269.465293   -187.848401  4  3  3  72       
PG18  15470.867155   8851.061201  19845.070365   -280.766708  5  8  5  93       
PG19 -16202.076964   5781.476899 -20118.423459    704.575500  2  4  5  78       
PG20 -10713.873669  21699.436513  11020.176997    259.726647  7  7  7  99       
PG21 -16187.257178   4937.234292  20481.871955    383.480054  6  6  5  77       
PG22 -21163.842690  -6856.793106 -13950.642105     57.451727  4  5  3  90       
PG23  20911.361533  16633.673148    349.420493    679.014742  5  5  5  64       
PG25  15841.193664  19888.755687  -8492.972444    398.043041  3  3  4  56       
PG26  20661.980754  -1384.883072  16602.191413   -388.688222  5  5  1  86       
PG27  12504.608801 -18443.266217  13755.254367      0.517879  6  2  1  55       
PG28  24763.945726  -3449.127164  -8992.761934   -443.454412  6  6  7  51       
PG29   5977.730396  20909.559914  15100.521803   -262.868768  5  6  4  76       
PG30 -23323.224685  -1074.029274  13100.791652    329.375148  6  5  5  82       
PG31  25022.131189  -9334.749879    543.153887   -128.368067  6  5  4  64       
PG32  14953.934645    416.736437 -21656.231845    215.807638  3  3  3  62       
*  2026  8 14  2  0  0.00000000
PG01   5339.985423 -16889.547642 -19773.102721    197.530357 12  6  5  65       
PG02  12670.059705 -18278.064474 -13680.769864    156.712602  6  5  5  87       
PG03  -5381.828639 -18707.312772 -18326.928480    324.086832  5  4  5  74       
PG04     72.331069 -26017.578497   4865.069076     63.971766  5  4  3  68       
PG05  -7422.416852  12677.838101  21951.287976   -235.958927  7  4  4  85       
PG06 -24645.482423   3872.593317  -9272.299900   -551.470740  4  5  7  81       
PG07 -11385.257914 -11714.980483  21631.266547   -215.311399  5  6  5  54       
PG08   5797.921831 -24744.524504   6600.261340    374.374551  6  2  1  50       
PG09  -8296.675758 -20894.868333  13970.024070    701.755570  6  2  4  82       
PG10  23165.104855  10605.350269  -7837.524152   -551.659066  1  5  3  83       
PG11 -23590.896814  11786.094751   2798.397907   -242.959057 10  9  6  96       
PG12   2791.511525  19097.810779 -18526.807569   -604.206177  4  3  4  66       
PG13   2228.135605  17857.505135 -19596.966460    428.786633  8  7  7  71       
PG14 -23124.840709 -12480.550895  -4795.772761    750.226299  6  5  1  71       
PG15  -1832.191105  25789.797034   5474.272212    436.381568  7  4  5  76       
PG16  14398.471229  -7048.312188  20850.584272    315.578606  5  4  1  38       
PG17 -13426.343674  -8920.313539 -20694.904202   -187.853396  4  2  3  72       
PG18  13351.436188   9770.807702  20901.122864   -280.758649  5  7  5  96       
PG19 -15783.271799   3456.248341 -21018.055402    704.575622  3  4  5  79       
PG20 -10776.581830  20298.093639  13386.435788    259.736034  8  7  7  92       
PG21 -17913.523269   3452.507984  19319.051583    383.473985  6  6  4  69       
PG22 -22126.816311  -8061.472206 -11648.442529     57.459730  4  5  3  78       
PG23  20666.396872  16640.735361   3234.310538    679.018071  5  5  4  59       
PG25  14840.318793  19463.728168 -11005.529190    398.040006  3  3  4  66       
PG26  22113.303714   -250.873203  14747.690356   -388.689985  5  5  1  80       
PG27  12557.237007 -16659.053489  15816.708500      0.517639  6  2  1  62       
PG28  23785.324206  -2766.419714 -11513.458986   -443.444671  6  6  7  60       
PG29   5456.838986  22451.431527  12916.318712   -262.862145  5  6  4  72       
PG30 -21960.128618  -1911.722447  15202.184818    329.386626  6  5  5  86       
PG31  25050.932199  -9079.800175  -2282.720769   -128.365609  6  5  4  56       
PG32  14668.875169   2938.485279 -21671.530421    215.825058  3  4  3  67       
*  2026  8 14  2 15  0.00000000
PG01   7410.649098 -17606.568931 -18425.815697    197.522000 12  6  4  46       
PG02  14083.036454 -18853.941882 -11326.329654    156.719015  6  6  5  65       
PG03  -3580.709585 -17561.599670 -19847.222852    324.068693  5  4  5  86       
PG04    342.417427 -26384.749576   2011.318697     63.972138  5  4  3  67       
PG05  -9596.808963  11369.795952  21827.276833   -235.959166  6  4  4  80       
PG06 -23616.385242   3223.108952 -11817.262928   -551.462170  4  5  7  84       
PG07  -9283.052674 -12792.723255  21999.823406   -215.314326  4  6  5  69       
PG08   6119.468252 -23796.869186   9240.070642    374.365728  6  2  1  49       
PG09  -8047.789489 -22370.976623  11648.251867    701.748402  5  1  4  61       
PG10  23720.886223  11142.142882  -5061.511135   -551.653563  2  5  2  69       
PG11 -23833.196070  11614.111997    -60.757885   -242.948145  9  9  5  73       
PG12   1014.823933  17890.018149 -19886.610436   -604.205523  4  4  3  80       
PG13    217.180026  16755.457633 -20672.370931    428.791038  8  7  7  92       
PG14 -23297.947582 -12938.506920  -2032.738553    750.226256  5  4  1  79       
PG15  -2224.512150  24981.576050   8151.409142    436.384480  6  4  5  68       
PG16  16246.291956  -5498.377036  19995.295695    315.584471  5  4  1  75       
PG17 -13048.366897 -11288.740538 -19750.756046   -187.857564  5  2  4  84       
PG18  11193.123901  10847.213347  21601.410469   -280.750587  6  7  5  87       
PG19 -15470.696334   1037.897364 -21554.014763    704.575977  3  4  5  81       
PG20 -10901.262548  18648.038475  15523.245093    259.745390  8  8  7  86       
PG21 -19592.008633   2146.999506  17824.214910    383.467969  6  6  4  78       
PG22 -22934.648497  -9040.954765  -9139.126680     57.467100  4  5  3  89       
PG23  20151.343728  16487.981073   6064.586477    679.021413  5  4  4  55       
PG25  13593.321081  18945.012966 -13334.468451    398.036933  3  3  4  57       
PG26  23417.029883    705.328164  12639.959385   -388.691709  4  5  1  79       
PG27  12686.709292 -14658.775889  17593.963884      0.517458  6  2  1  57       
PG28  22601.052426  -1905.846220 -13836.219268   -443.434963  6  6  7  62       
PG29   5051.775100  23759.935115  10507.563119   -262.855516  5  6  5  60       
PG30 -20443.208022  -2914.776490  17048.247698    329.398084  6  5  5  75       
PG31  24806.553355  -8696.441506  -5070.132555   -128.363019  6  5  4  65       
PG32  14518.431635   5449.577074 -21304.263836    215.842468  4  5  3  72       
*  2026  8 14  2 30  0.00000000
PG01   9288.929747 -18354.868135 -16760.770731    197.513589 11  6  3  63       
PG02  15231.763997 -19337.624167  -8766.884421    156.725198  6  7  4  17       
PG03  -1585.825036 -16444.484010 -21032.904542    324.050601  5  4  5  73       
PG04    580.304212 -26439.139128   -877.426679     63.972557  5  5  3  69       
PG05 -11807.316578  10199.764996  21321.527527   -235.959384  6  4  4  78       
PG06 -22381.824757   2383.459870 -14159.835147   -551.453703  5  5  6  71       
PG07  -7219.668021 -13991.509250  22011.520898   -215.317656  4  5  4  71       
PG08   6500.844921 -22573.097928  11715.176864    374.356811  6  2  1  45       
PG09  -7870.119656 -23582.142577   9124.060725    701.741281  5  1  4  61       
PG10  24033.469652  11480.626791  -2199.628787   -551.648002  3  5  2  78       
PG11 -23796.758831  11304.404015  -2918.854601   -242.937281  9  8  5  76       
PG12   -931.997987  16702.815794 -20912.128375   -604.204860  5  4  3  92       
PG13  -1937.559828  15712.252769 -21394.087729    428.795472  7  8  7  87       
PG14 -23226.282051 -13226.635073    764.646689    750.226245  5  5  1  75       
PG15  -2711.487152  23898.878661  10685.184473    436.387135  5  4  5  77       
PG16  18069.902775  -4116.280474  18787.392895    315.590736  4  4  2  65       
PG17 -12796.989373 -13545.085179 -18453.619149   -187.862575  5  2  4  87       
PG18   9042.820373  12068.199974  21933.233918   -280.742521  6  7  5  83       
PG19 -15278.847698  -1427.084160 -21718.751128    704.576555  4  4  5  67       
PG20 -11117.030913  16780.708234  17394.108695    259.754716  8  8  7  80       
PG21 -21177.069718   1028.284597  16023.118179    383.461936  6  5  4  75       
PG22 -23548.354388  -9805.315416  -6467.645840     57.474704  3  5  3  75       
PG23  19354.381044  16213.755396   8792.502040    679.024779  5  4  3  68       
PG25  12106.557190  18371.845613 -15441.534741    398.033900  3  3  4  68       
PG26  24535.354777   1493.333459  10316.122382   -388.693436  4  5  2  75       
PG27  12917.100162 -12481.503812  19055.106078      0.517349  5  2  1  59       
PG28  21250.630225   -854.077920 -15921.082301   -443.425324  5  6  7  75       
PG29   4735.104523  24804.300026   7916.042233   -262.849181  5  5  5  37       
PG30 -18813.562303  -4088.162277  18608.015597    329.409590  5  6  5  74       
PG31  24312.171639  -8155.573438  -7772.345379   -128.360399  6  5  4  52       
PG32  14500.354327   7899.071931 -20561.628037    215.859869  4  5  3  81       
*  2026  8 14  2 45  0.00000000
PG01  10948.681025 -19097.516376 -14806.480805    197.505214 11  6  3  69       
PG02  16115.606245 -19688.188515  -6048.994868    156.731495  6  7  4  58       
PG03    571.492102 -15393.539142 -21864.123153    324.032637  5  4  5  86       
PG04    824.154286 -26178.128902  -3750.896767     63.972976  5  5  4  71       
PG05 -14005.588253   9184.862957  20443.081891   -235.959540  6  4  4  77       
PG06 -20983.040664   1340.081128 -16259.578971   -551.445218  5  5  6  71       
PG07  -5233.825039 -15288.711981  21665.130015   -215.320548  3  5  4  64       
PG08   6971.441655 -21099.535641  13981.444632    374.347972  5  1  1  72       
PG09  -7729.786897 -24505.702062   6441.440331    701.734118  5  1  4  63       
PG10  24076.340438  11650.951648    699.445688   -551.642445  3  5  2  83       
PG11 -23501.950606  10825.572629  -5726.400629   -242.926426  9  8  4  78       
PG12  -3019.531192  15571.873445 -21586.576459   -604.204377  4  4  3  83       
PG13  -4198.754143  14757.837076 -21749.927126    428.799896  6  8  7  84       
PG14 -22890.941135 -13375.023607   3549.143115    750.226205  5  5  1  77       
PG15  -3320.715641  22567.840565  13029.928930    436.389745  5  4  5  71       
PG16  19823.722356  -2914.678648  17249.896877    315.596691  3  4  2  76       
PG17 -12657.826598 -15642.970325 -16826.648497   -187.867296  4  2  4  91       
PG18   6945.330435  13413.698434  21890.079553   -280.734501  6  6  6  80       
PG19 -15214.396584  -3890.600024 -21511.153994    704.576735  4  4  5  69       
PG20 -11447.280122  14733.731476  18967.097391    259.764035  8  8  7  95       
PG21 -22623.823671     95.569871  13946.759571    383.455942  6  5  4  75       
PG22 -23933.679690 -10372.496053  -3681.695804     57.482312  3  5  3  76       
PG23  18272.322617  15858.828467  11372.038679    679.028123  5  4  3  70       
PG25  10394.205167  17782.560404 -17292.220952    398.030879  3  4  5  70       
PG26  25434.690757   2129.728129   7816.644292   -388.695125  4  5  2  75       
PG27  13265.795902 -10171.622905  20174.163833      0.517607  5  2  1  76       
PG28  19776.936559    394.327309 -17732.165307   -443.415614  5  6  6  65       
PG29   4474.699899  25561.195210   5186.790434   -262.842675  4  5  4  43       
PG30 -17113.713147  -5429.200866  19855.211803    329.421097  5  6  4  63       
PG31  23597.365777  -7433.431741 -10344.292014   -128.358057  6  4  4  66       
PG32  14604.151742  10237.910627 -19457.538947    215.877310  4  5  4  81       
*  2026  8 14  3  0  0.00000000
PG01  12371.599727 -19794.733697 -12596.505523    197.496802 11  6  3  24       
PG02  16743.093365 -19867.401217  -3222.033448    156.737920  6  7  4  69       
PG03   2853.313074 -14440.847228 -22326.884543    324.014544  5  4  4  91       
PG04   1111.789397 -25608.329754  -6559.061255     63.973417  5  5  4  81       
PG05 -16141.846026   8333.732729  19207.577089   -235.959714  5  4  4  72       
PG06 -19464.660408     87.713641 -18080.104118   -551.436712  5  5  6  80       
PG07  -3360.034887 -16655.358652  20964.931117   -215.323836  3  4  4  72       
PG08   7555.585545 -19409.662597  15998.608028    374.339130  5  2  1  47       
PG09  -7590.019828 -25127.493741   3647.075745    701.726947  4  1  4  70       
PG10  23830.572454  11688.343002   3586.769535   -551.636884  4  5  2  89       
PG11 -22976.328190  10151.604241  -8434.725450   -242.915533  9  7  4  78       
PG12  -5212.307591  14527.730863 -21898.947476   -604.203714  5  4  2  83       
PG13  -6524.217523  13915.748819 -21733.921818    428.804285  6  8  7  92       
PG14 -22280.400459 -13417.454542   6273.837489    750.226133  5  5  2  41       
PG15  -4074.171810  21021.611699  15142.902788    436.392402  4  4  5  81       
PG16  21462.423203  -1897.636858  15411.444500    315.602514  2  4  2  83       
PG17 -12609.333276 -17540.715090 -14899.098364   -187.872224  4  2  4  80       
PG18   4941.809529  14856.264641  21471.784914   -280.726438  7  6  6  92       
PG19 -15276.008588  -6304.607595 -20936.453920    704.576943  5  5  5  75       
PG20 -11908.652319  12549.625884  20215.379754    259.773349  8  8  7  93       
PG21 -23889.808694   -660.084372  11630.846211    383.449906  6  4  3  63       
PG22 -24062.496387 -10767.334441   -830.773731     57.489675  3  5  3  58       
PG23  16910.875771  15464.732087  13759.636249    679.031481  5  4  2  74       
PG25   8477.885714  17213.116935 -18856.247340    398.027872  4  4  5  71       
PG26  26086.873746   2637.182478   5184.606798   -388.696884  3  5  2  77       
PG27  13742.675779  -7777.194539  20931.613868      0.518222  5  1  2  80       
PG28  18224.614191   1836.514612 -19238.280586   -443.405936  5  5  6  70       
PG29   4235.191761  26015.574285   2367.283701   -262.835893  4  5  4  71       
PG30 -15386.097021  -6927.482735  20768.661356    329.432579  4  6  4  74       
PG31  22696.937348  -6512.632181 -12743.253822   -128.355772  6  4  4  40       
PG32  14811.595335  12420.650898 -18012.312313    215.894732  4  5  4  73       
*  2026  8 14  3 15  0.00000000
PG01  13547.748140 -20405.477881 -10168.879317    197.488341 10  6  2  49       
PG02  17131.333232 -19841.387566   -337.144992    156.744495  6  7  4  63       
PG03   5216.350340 -13611.828799 -22413.270518    323.996523  5  5  4  72       
PG04   1478.998926 -24745.340557  -9253.032105     63.973863  5  6  4  80       
PG05 -18166.693345   7646.350339  17636.940675   -235.960219  5  3  4  70       
PG06 -17873.026483  -1370.174823 -19589.710603   -551.428263  6  4  6  82       
PG07  -1627.485600 -18057.042071  19920.742460   -215.327193  4  4  4  67       
PG08   8271.370718 -17542.858799  17731.053699    374.330305  5  1  1  50       
PG09  -7412.780209 -25442.303138    789.507609    701.719824  4  2  4  85       
PG10  23285.562615  11631.573546   6413.911351   -551.631358  4  4  2  86       
PG11 -22253.501802   9263.083495 -10996.842637   -242.904555  9  7  4  87       
PG12  -7469.962369  13594.720756 -21844.161723   -604.203074  5  5  2  83       
PG13  -8868.334754  13202.277628 -21346.418763    428.808735  5  8  7  95       
PG14 -21391.035465 -13389.961711   8892.883901    750.226072  4  5  2  49       
PG15  -4987.047640  19299.173474  16985.198296    436.395155  4  3  5  72       
PG16  22942.612591  -1060.751288  13305.645750    315.608332  2  4  3  85       
PG17 -12623.807981 -19202.841962 -12705.728966   -187.876950  3  2  4  78       
PG18   3068.334244  16361.993078  20684.602750   -280.718365  7  6  6  83       
PG19 -15454.486034  -8622.749589 -20006.021253    704.577487  5  5  5  81       
PG20 -12510.278581  10274.319694  21117.666996    259.782681  7  7  7  90       
PG21 -24936.563004  -1255.223906   9115.181853    383.443828  5  4  3  69       
PG22 -23913.947198 -11020.323512   2034.782886     57.497540  2  5  3  77       
PG23  15284.579065  15072.077881  15914.887352    679.034872  6  4  1  78       
PG25   6386.025176  16695.731944 -20107.980192    398.024881  4  4  5  70       
PG26  26470.163447   3043.346531   2464.966180   -388.698628  3  5  2  74       
PG27  14349.626904  -5348.174599  21314.733060      0.519100  5  1  2  78       
PG28  16638.398694   3461.244717 -20413.472975   -443.396211  5  5  6  54       
PG29   3979.553612  26161.205526   -493.413295   -262.829564  4  5  4  71       
PG30 -13671.570036  -8565.075384  21332.635106    329.444092  3  6  3  75       
PG31  21649.564777  -5382.975912 -14929.493773   -128.352903  6  4  4  42       
PG32  15097.545406  14407.047195 -16252.221605    215.912213  5  6  3  45       
*  2026  8 14  3 30  0.00000000
PG01  14475.754946 -20889.098913  -7565.457214    197.479877 10  6  2 104       
PG02  17305.069525 -19582.111378   2553.813770    156.750852  6  7  4  59       
PG03   7613.395210 -12924.329527 -22121.571618    323.978450  5  4  4  72       
PG04   1957.930270 -23613.163496 -11785.944774     63.974289  5  6  4  75       
PG05 -20032.911637   7114.188870  15758.967420   -235.960581  4  3  4  52       
PG06 -16254.462742  -3021.305790 -20761.958702   -551.419750  6  5  5  70       
PG07    -59.102791 -19455.043567  18547.889793   -215.330322  4  4  3  59       
PG08   9129.758877 -15542.917904  19148.496656    374.321470  4  1  1  62       
PG09  -7160.437752 -25453.965736  -2081.735007    701.712806  4  3  4  75       
PG10  22439.463439  11521.327136   9133.699665   -551.625845  4  4  2  81       
PG11 -21371.770125   8148.153901 -13368.285265   -242.893700  8  6  4  80       
PG12  -9748.561982  12790.132000 -21423.134919   -604.202314  5  5  2  83       
PG13 -11183.619938  12625.913083 -20594.068431    428.813116  5  9  7  84       
PG14 -20227.360622 -13329.317297  11362.223671    750.226065  4  5  2  77       
PG15  -6066.865618  17443.903297  18522.590582    436.398143  4  3  4  62       
PG16  24224.418196   -391.608284  10970.372678    315.614505  1  4  3  81       
PG17 -12668.664297 -20601.327378 -10286.094110   -187.882183  3  2  4  81       
PG18   1354.663038  17891.697546  19541.158291   -280.710343  7  6  6  79       
PG19 -15733.216739 -10801.900406 -18737.073132    704.577913  5  5  5  78       
PG20 -13253.316821   7955.552490  21658.565515    259.792043  7  7  7  81       
PG21 -25731.062084  -1713.164664   6442.985545    383.437716  5  4  3  83       
PG22 -23475.294501 -11166.159383   4864.750710     57.504959  2  5  3  42       
PG23  13416.420532  14718.917889  17801.186998    679.038249  5  4  1  77       
PG25   4152.983260  16257.661362 -21026.789242    398.021878  4  4  5  68       
PG26  26570.005113   3379.573966   -296.194369   -388.700403  3  5  2  67       
PG27  15080.411977  -2934.570621  21317.791226      0.518791  5  1  2  81       
PG28  15061.455936   5249.133789 -21237.468199   -443.386501  4  5  5  46       
PG29   3670.756414  26000.865375  -3345.530140   -262.823020  3  5  4  49       
PG30 -12007.977686 -10317.013735  21537.119624    329.455583  3  5  3  65       
PG31  20496.338944  -4041.990895 -16866.838318   -128.350580  6  4  4  44       
PG32  15431.059074  16163.412000 -14208.948286    215.929681  5  6  3  48       
*  2026  8 14  3 45  0.00000000
PG01  15162.686505 -21206.994148  -4831.189367    197.471485 10  6  1 112       
PG02  17295.436256 -19068.600388   5399.323715    156.757310  5  7  4  53       
PG03   9994.905840 -12387.997052 -21456.330995    323.960552  5  4  4  69       
PG04   2575.626768 -22243.299348 -14113.800275     63.974740  5  6  4  82       
PG05 -21697.173317   6720.729045  13606.788354   -235.960764  4  3  4  75       
PG06 -14653.545980  -4844.850061 -21576.154567   -551.411360  6  5  5  71       
PG07   1329.181231 -20807.636899  16867.110093   -215.333501  4  4  3  44       
PG08  10133.988906 -13456.396634  20226.532672    374.312647  4  2  1  72       
PG09  -6797.427015 -25175.127421  -4917.011921    701.705686  4  3  5  78       
PG10  21299.303332  11398.515540  11700.935953   -551.620249  4  4  2  75       
PG11 -20372.582300   6803.185806 -15507.897425   -242.882790  8  5  4  73       
PG12 -12002.065723  12123.641477 -20642.764299   -604.201551  5  5  2  84       
PG13 -13422.351072  12187.102354 -19489.711948    428.817552  4  9  6  84       
PG14 -18801.978803 -13271.501631  13640.276414    750.226024  3  5  3  70       
PG15  -7312.909119  15501.942912  19726.308951    436.400690  4  2  4  81       
PG16  25272.918831    129.448687   8447.000844    315.620469  1  3  3  67       
PG17 -12707.910165 -21716.543211  -7683.730736   -187.886487  2  2  4  83       
PG18   -176.763316  19402.318020  18060.296083   -280.702292  7  6  6  81       
PG19 -16088.905533 -12803.573224 -17152.299794    704.577909  5  5  5  84       
PG20 -14130.805150   5641.215309  21828.832105    259.801280  7  6  7  88       
PG21 -26246.959249  -2062.894193   3660.152738    383.431687  5  4  2  71       
PG22 -22742.443888 -11242.143838   7609.945971     57.512351  2  5  3  52       
PG23  11337.148856  14439.207188  19386.329424    679.041619  5  4  1  77       
PG25   1817.975141  15920.172370 -21597.342812    398.018927  4  4  5  70       
PG26  26379.530328   3679.525398  -3052.407260   -388.702121  2  4  1  56       
PG27  15920.891781   -584.618811  20942.083796      0.517989  5  2  2  79       
PG28  13533.791923   7173.212377 -21696.024427   -443.376735  4  5  4  67       
PG29   3273.424851  25546.188022  -6139.485650   -262.816620  3  5  4  56       
PG30 -10428.840156 -12152.058268  21378.008573    329.467107  3  5  2  58       
PG31  19279.232054  -2495.192819 -18523.204503   -128.347922  5  4  4  60       
PG32  15776.730143  17663.707605 -11918.940806    215.947171  5  6  4  51       
*  2026  8 14  4  0  0.00000000
PG01  15623.593219 -21324.198545  -2013.337124    197.463048  9  7  1  64       
PG02  17138.471771 -18287.868199   8149.212231    156.763696  5  6  4  70       
PG03  12310.690114 -12003.971064 -20428.297772    323.942503  5  4  3  83       
PG04   3352.772817 -20673.559575 -16196.250999     63.975188  5  6  4  91       
PG05 -23121.603202   6442.292719  11218.244814   -235.960915  3  3  4  76       
PG06 -13111.449613  -6812.024986 -22017.741246   -551.402874  6  5  5  86       
PG07   2528.919718 -22071.536343  14904.381628   -215.336564  4  4  3  62       
PG08  11279.318878 -11330.872295  20947.055882    374.303787  4  1  1  71       
PG09  -6291.820272 -24626.674352  -7667.442433    701.698525  5  4  5  77       
PG10  19880.794672  11302.607734  14073.066196   -551.614742  5  4  1  79       
PG11 -19298.888073   5233.123901 -17378.566347   -242.871890  7  5  4  78       
PG12 -14183.870559  11597.034094 -19515.832997   -604.201312  5  5  2  83       
PG13 -15538.219440  11878.325517 -18052.167933    428.821920  4  9  6  84       
PG14 -17135.242776 -13250.211295  15688.594684    750.225974  2  5  3  53       
PG15  -8716.004731  13520.439143  20573.701345    436.403360  5  2  4  84       
PG16  26059.369901    528.285109   5779.622793    315.626232  1  4  3  66       
PG17 -12703.768028 -22537.851893  -4945.274133   -187.891274  2  2  4  58       
PG18  -1511.540168  20848.502637  16266.814482   -280.694274  8  7  6  81       
PG19 -16492.555288 -14595.141027 -15279.421136    704.578297  5  5  5  83       
PG20 -15127.836421   3377.692084  21625.528174    259.810567  6  5  7  87       
PG21 -26465.582095  -2337.753559    814.471244    383.425679  4  4  2  61       
PG22 -21720.127616 -11286.511122  10223.100950     57.519957  2  5  4  70       
PG23   9084.300444  14261.424866  20643.044071    679.044986  5  4  1  83       
PG25   -576.176446  15697.739340 -21809.839354    398.015902  5  5  5  80       
PG26  25899.783853   3977.703729  -5757.548704   -388.703921  2  4  1  56       
PG27  16849.587297   1656.940428  20195.809426      0.518663  5  2  2  77       
PG28  12090.796033   9199.782984 -21781.180909   -443.366993  3  5  4  68       
PG29   2755.427839  24817.177796  -8826.776619   -262.810213  2  5  4  62       
PG30  -8962.200619 -14033.696743  20857.211267    329.478605  2  5  2  66       
PG31  18039.552605   -756.058079 -19871.069264   -128.345321  5  4  4  51       
PG32  16096.202253  18890.329965  -9422.699970    215.964627  5  6  4  42       
*  2026  8 14  4 15  0.00000000
PG01  15880.748819 -21210.846727    839.355112    197.454617  9  7  2  62       
PG02  16873.464514 -17235.499955  10755.595682    156.769978  5  5  5  74       
PG03  14511.624223 -11764.899300 -19054.288682    323.924454  4  4  3  69       
PG04   4302.697030 -18946.643642 -17997.314763     63.975592  5  6  4  88       
PG05 -24275.127326   6249.162477   8635.182103   -235.961317  3  3  4  47       
PG06 -11664.424229  -8887.009231 -22078.586105   -551.394429  6  5  5  76       
PG07   3539.380463 -23203.445429  12690.672134   -215.339950  4  4  3  53       
PG08  12553.108051  -9213.183904  21298.535102    374.294941  4  1  1  70       
PG09  -5616.754340 -23836.857357 -10285.752993    701.691345  5  4  5  59       
PG10  18207.839776  11270.029677  16210.806166   -551.609107  5  4  2  84       
PG11 -18193.441838   3451.499323 -18947.880876   -242.860962  7  4  4  57       
PG12 -16248.386075  11204.221189 -18060.832885   -604.200489  4  5  2  82       
PG13 -17487.932541  11684.485444 -16305.922064    428.826321  4  9  5  87       
PG14 -15254.640362 -13295.459143  17472.474826    750.225941  1  5  4  72       
PG15 -10258.674218  11545.734403  21048.767232    436.406174  5  2  4  75       
PG16  26562.183752    835.723482   3014.251094    315.632249  1  4  4  60       
PG17 -12618.363056 -23063.834799  -2119.524183   -187.896298  2  2  4  75       
PG18  -2643.704926  22184.305667  14191.088115   -280.686231  8  7  6  47       
PG19 -16910.656830 -16150.832800 -13150.683932    704.578551  5  5  5  70       
PG20 -16222.047656   1208.264315  21052.070702    259.819900  6  5  6  76       
PG21 -26376.646656  -2573.951140  -2045.194805    383.419640  4  4  2  63       
PG22 -20421.748165 -11336.749543  12659.674900     57.527536  2  4  4  66       
PG23   6700.975340  14207.404712  21549.462903    679.048397  5  3  2  79       
PG25  -2984.418577  15597.490929 -21660.173499    398.012909  5  5  5  81       
PG26  25139.673095   4307.974866  -8366.544855   -388.705685  2  4  1  54       
PG27  17838.550845   3750.416790  19093.802760      0.518592  5  2  2  93       
PG28  10761.973568  11289.544243 -21491.399303   -443.357247  2  6  4  67       
PG29   2089.338646  23841.405020 -11360.842429   -262.803458  2  5  3  76       
PG30  -7629.679054 -15921.356681  19982.674282    329.490123  2  4  1  65       
PG31  16816.439164   1154.289620 -20887.877977   -128.342959  5  4  4  68       
PG32  16349.791241  19834.560013  -6764.008863    215.982127  5  6  4  42       
*  2026  8 14  4 30  0.00000000
PG01  15962.612735 -20843.448420   3677.516846    197.446153  8  7  2  87       
PG02  16541.207377 -15915.885813  13173.734535    156.776338  5  4  5  76       
PG03  16551.345811 -11655.281073 -17356.957352    323.906368  4  4  3  69       
PG04   5430.673360 -17108.539304 -19486.003460     63.976029  5  6  4  79       
PG05 -25134.557647   6106.939203   5902.678725   -235.961698  2  4  4  51       
PG06 -10342.475176 -11028.142509 -21757.157290   -551.385906  6  5  5  80       
PG07   4367.493843 -24161.656566  10261.597150   -215.343215  3  5  3  62       
PG08  13935.230778  -7147.731261  21276.147328    374.286119  4  1  1  81       
PG09  -4751.655920 -22840.147708 -12727.086906    701.684212  5  4  5  77       
PG10  16311.754178  11332.689165  18078.716377   -551.603511  5  4  2  79       
PG11 -17097.128190   1480.105043 -20188.703701   -242.850100  7  4  4  77       
PG12 -18152.585018  10931.557840 -16301.706218   -604.199755  4  5  3  80       
PG13 -19232.710915  11583.597477 -14280.723724    428.830702  4  9  4  91       
PG14 -13193.924075 -13432.316871  18961.516889    750.225924  1  5  4  55       
PG15 -11915.655479   9621.589001  21142.538279    436.409019  4  2  3  77       
PG16  26767.636291   1086.127957    198.026081    315.638026  1  4  4  62       
PG17 -12415.405259 -23302.150910    743.511630   -187.901275  1  2  3  65       
PG18  -3575.810863  23364.936138  11868.581065   -280.678146  8  7  6  79       
PG19 -17306.541469 -17452.474908 -10802.309404    704.578944  4  5  5  87       
PG20 -17384.406363   -828.361573  20118.179076    259.829191  6  4  6  81       
PG21 -25978.661875  -2808.966224  -4869.739275    383.413633  4  4  3  77       
PG22 -18868.896163 -11427.985779  14878.586387     57.535153  2  4  4  71       
PG23   4234.403934  14291.420168  22089.511361    679.051810  5  3  2  66       
PG25  -5360.930328  15618.928235 -21150.034151    398.009907  5  5  5  66       
PG26  24115.645860   4702.126160 -10836.049446   -388.707421  2  4  2  72       
PG27  18854.502408   5662.492830  17657.136716      0.518408  5  2  3  82       
PG28   9569.916273  13398.939381 -20831.595010   -443.347561  1  6  5  54       
PG29   1253.705738  22652.918818 -13697.888464   -262.796944  1  5  3  72       
PG30  -6445.767883 -17771.787884  18768.312395    329.501750  2  4  2  72       
PG31  15645.444091   3207.668578 -21556.389422   -128.340477  5  4  3  61       
PG32  16498.150185  20496.672025  -3989.125320    215.999593  5  5  4  55       
*  2026  8 14  4 45  0.00000000
PG01  15902.556809 -20205.925983   6452.021199    197.437664  8  7  3  70       
PG02  16182.237903 -14342.103155  15362.785578    156.782982  5  2  5  74       
PG03  18387.860533 -11652.128553 -15364.471367    323.888251  4  3  2  62       
PG04   6733.547576 -15206.810440 -20636.854954     63.976524  5  6  4  72       
PG05 -25685.372653   5978.080575   3068.227925   -235.961919  1  4  4  69       
PG06  -9168.290226 -13189.366025 -21058.583703   -551.377371  6  6  4  79       
PG07   5027.510678 -24907.646354   7656.981567   -215.346546  3  5  3  74       
PG08  15398.799639  -5174.901642  20881.771436    374.277265  4  1  1  84       
PG09  -3683.218694 -21675.871122 -14949.762380    701.677089  6  5  5  70       
PG10  14230.235135  11516.675605  19645.723130   -551.597906  5  4  2  71       
PG11 -16047.375555   -651.653184 -21079.646566   -242.839246  6  3  4  78       
PG12 -19857.475074  10758.449703 -14267.506679   -604.199296  3  5  3  85       
PG13 -20739.622895  11547.752927 -12011.095314    428.835066  4  9  4  88       
PG14 -10992.014741 -13679.846133  20130.126479    750.225898  1  5  4  53       
PG15 -13654.772855   7787.517329  20853.291748    436.411790  5  3  3  69       
PG16  26670.282566   1315.883153  -2621.559089    315.644247  1  4  4  68       
PG17 -12061.793710 -23269.039611   3593.573595   -187.906037  1  3  3  67       
PG18  -4318.662219  24348.488112   9339.256352   -280.670076  8  8  6  71       
PG19 -17641.845946 -18489.956844  -8273.899926    704.578673  4  5  5  65       
PG20 -18580.264584  -2699.349196  18839.718319    259.838419  6  5  6  88       
PG21 -25279.008798  -3079.904502  -7610.652611    383.407542  4  4  3  87       
PG22 -17090.569422 -11591.494403  16842.857527     57.542506  2  4  4  58       
PG23   1734.354398  14519.559760  22253.215551    679.055134  4  3  3  74       
PG25  -7660.622014  15753.926024 -20286.931526    398.006898  4  5  5  76       
PG26  22851.110597   5188.512403 -13125.087449   -388.709201  2  3  2  60       
PG27  19860.177083   7367.266592  15912.611798      0.518371  5  3  3  82       
PG28   8529.550315  15481.677893 -19813.057683   -443.337856  1  6  5  63       
PG29    234.083632  21290.921717 -15797.652564   -262.790429  1  5  3  86       
PG30  -5417.397952 -19540.567407  17233.845676    329.513290  2  5  2  56       
PG31  14557.255531   5369.685360 -21864.954038   -128.337810  5  4  3  54       
PG32  16503.911028  20885.702447  -1145.954179    216.017072  5  5  4  57       
*  2026  8 14  5  0  0.00000000
PG01  15737.407329 -19290.372447   9114.850800    197.429171  7  7  3  80       
PG02  15835.138051 -12535.463752  17286.441159    156.789429  4  1  5  77       
PG03  19985.002774 -11725.924622 -13110.098214    323.870101  3  3  2  51       
PG04   8199.702940 -13288.840912 -21430.359329     63.976920  5  6  4  69       
PG05 -25922.166704   5823.557071    180.888532   -235.962051  1  5  4  33       
PG06  -8156.460927 -15321.849189 -19994.595103   -551.368836  6  6  5  73       
PG07   5540.370580 -25407.607149   4920.319441   -215.349682  3  6  4  68       
PG08  16911.162211  -3329.685895  20123.849152    374.268378  4  1  2  78       
PG09  -2406.095670 -20386.674749 -16915.966880    701.669969  6  5  5  64       
PG10  12006.110910  11841.178671  20885.582238   -551.592299  5  4  2  76       
PG11 -15076.720697  -2907.704977 -21605.439877   -242.828361  6  3  4  61       
PG12 -21329.439310  10658.230192 -11991.980979   -604.198351  3  5  3  86       
PG13 -21982.707067  11544.320139  -9535.761168    428.839443  4  9  3  89       
PG14  -8691.716447 -14050.258238  20957.951515    750.225926  1  4  4  62       
PG15 -15438.118907   6077.315134  20186.588103    436.414383  4  3  2  70       
PG16  26273.074988   1561.825541  -5397.406071    315.650109  2  4  4  68       
PG17 -11529.076872 -22988.496811   6381.080598   -187.911113  1  2  2  52       
PG18  -4890.717751  25097.582727   6646.890134   -280.662034  7  8  5  77       
PG19 -17878.037339 -19261.409860  -5607.812746    704.578835  4  5  5  77       
PG20 -19770.641451  -4378.801064  17238.440661    259.847729  6  5  5  84       
PG21 -24293.691312  -3421.869425 -10220.850568    383.401540  4  3  3  62       
PG22 -15122.130361 -11853.387496  18520.164089     57.550533  2  4  4  57       
PG23   -748.562857  14889.419453  22036.918590    679.058473  4  3  4  74       
PG25  -9840.621759  15987.020592 -19084.149509    398.003905  4  5  4  77       
PG26  21375.621208   5790.835554 -15195.660121   -388.710946  3  4  2  47       
PG27  20815.822492   8846.979872  13892.151831      0.518338  4  4  3  79       
PG28   7647.690539  17490.372565 -18453.261893   -443.328150  1  5  6  69       
PG29   -976.216756  19798.260083 -17624.100474   -262.783772  1  5  3  78       
PG30  -4543.794487 -21183.673720  15404.540496    329.524799  2  5  1  54       
PG31  13576.601931   7600.810958 -21807.722084   -128.335191  4  4  3  67       
PG32  16333.239741  21018.895644   1716.784698    216.034563  5  5  4  54       
*  2026  8 14  5 15  0.00000000
PG01  15505.860625 -18097.499374  11619.943444    197.420757  7  7  3  83       
PG02  15534.960363 -10524.755332  18913.450569    156.795755  4  1  4  86       
PG03  21313.695285 -11841.845023 -10631.702460    323.851931  3  3  2  76       
PG04   9809.365076 -11400.103990 -21853.273185     63.977377  4  5  4  62       
PG05 -25848.754620   5604.558531  -2709.578114   -235.962678  1  4  4  78       
PG06  -7313.029926 -17375.740025 -18583.341302   -551.360284  5  6  4  75       
PG07   5932.792676 -25633.853073   2098.129987   -215.352865  2  6  4  58       
PG08  18435.125314  -1640.535409  19017.123625    374.259494  4  1  2  78       
PG09   -923.281794 -19016.887498 -18592.377471    701.662808  6  5  5  61       
PG10   9685.912935  12317.662868  21777.281985   -551.586632  4  4  2  86       
PG11 -14211.580573  -5246.525304 -21757.190386   -242.817462  5  3  4  64       
PG12 -22541.396123  10599.279189  -9513.072871   -604.198120  3  5  3  89       
PG13 -22943.839864  11537.337737  -6897.004238    428.843833  4  9  2  89       
PG14  -6338.287022 -14548.335060  21430.246846    750.225961  1  4  4  64       
PG15 -17223.493559   4517.845598  19155.131585    436.417169  4  2  2  60       
PG16  25587.188139   1859.684528  -8083.523990    315.656346  2  4  4  45       
PG17 -10794.711698 -22491.166678   9058.016214   -187.915907  1  2  2  61       
PG18  -5317.183938  25580.854281   3838.302062   -280.654026  7  8  5 102       
PG19 -17977.944681 -19773.096228  -2848.507744    704.579043  3  5  5  67       
PG20 -20913.686289  -5848.561179  15341.628823    259.857000  5  5  5  84       
PG21 -23046.767766  -3866.412792 -12655.479149    383.395465  4  3  3  76       
PG22 -13004.047399 -12233.529938  19883.288440     57.558076  2  4  3  50       
PG23  -3164.632577  15390.127350  21443.399632    679.061808  4  4  4  83       
PG25 -11861.698796  16295.978904 -17560.619322    398.000891  4  5  4  62       
PG26  19723.855482   6527.099496 -17013.307214   -388.712661  3  4  3  68       
PG27  21680.781330  10092.412814  11632.126391      0.518904  4  5  3  84       
PG28   6922.917990  19378.229318 -16775.570787   -443.318428  2  5  6  69       
PG29  -2375.687004  18219.791304 -19146.038234   -262.777327  2  5  3  65       
PG30  -3816.632548 -22659.072830  13310.853456    329.536353  2  6  1  47       
PG31  12721.378010   9857.652344 -21384.777900   -128.332467  4  4  3  80       
PG32  15957.247329  20920.854620   4550.378192    216.052093  5  4  4  69       
*  2026  8 14  5 30  0.00000000
PG01  15246.835581 -16636.756441  13924.001519    197.412325  7  7  3  80       
PG02  15311.838175  -8345.217678  20218.023213    156.802108  4  1  3  85       
PG03  22352.958480 -11961.202182  -7971.158063    323.833723  4  3  2  53       
PG04  11535.232332  -9582.524938 -21898.818221     63.977854  4  4  4  78       
PG05 -25477.931739   5284.183585  -5553.569060   -235.962931  1  4  3  79       
PG06  -6635.383610 -19301.970954 -16849.091947   -551.351757  5  7  4  74       
PG07   6236.112809 -25566.038596   -760.788328   -215.356142  2  6  4  56       
PG08  19930.352708   -128.499349  17582.268471    374.250660  4  1  2  89       
PG09    753.825996 -17610.837188 -19950.698647    701.655662  6  5  5  56       
PG10   7318.318473  12949.327147  22305.381576   -551.581019  4  4  2  96       
PG11 -13471.279328  -7622.558666 -21532.522987   -242.806631  5  3  4  75       
PG12 -23473.734610  10546.345489  -6872.352554   -604.197291  2  5  3  77       
PG13 -23613.314925  11489.047224  -4139.960037    428.848261  4  9  2  94       
PG14  -3977.913862 -15171.135209  21538.159796    750.225999  1  4  4  72       
PG15 -18966.033466   3128.138406  17778.459753    436.420037  4  1  2  76       
PG16  24631.563433   2242.587419 -10635.701625    315.662398  3  4  4  58       
PG17  -9843.074991 -21813.001583  11578.753219   -187.920346  1  2  1  66       
PG18  -5628.832491  25774.217858    962.516003   -280.645988  7  8  5  54       
PG19 -17907.244792 -20039.015899    -41.875520    704.579311  3  5  4  54       
PG20 -21966.267269  -7098.721003  13181.645877    259.866232  5  5  5  93       
PG21 -21569.485037  -4440.124949 -14872.682194    383.389283  4  2  3  83       
PG22 -10780.471880 -12744.715559  20910.474920     57.565751  2  3  3  46       
PG23  -5466.750089  16002.704316  20481.889923    679.065183  4  4  4  89       
PG25 -13689.573435  16652.634435 -15740.710495    397.997893  4  5  4  76       
PG26  17934.422332   7408.775322 -18547.622415   -388.714407  3  4  3  74       
PG27  22415.093681  11102.940237   9172.619942      0.518652  4  5  3  95       
PG28   6345.785186  21100.725154 -14808.837432   -443.308787  2  5  5  79       
PG29  -3954.505352  16600.692770 -20337.631641   -262.770712  2  5  2  78       
PG30  -3220.490630 -23928.256861  10987.978887    329.547861  2  6  1  74       
PG31  12002.024696  12094.378143 -20602.196173   -128.329624  3  4  3  67       
PG32  15353.206226  20622.434778   7306.918844    216.069561  5  4  4  85       
*  2026  8 14  5 45  0.00000000
PG01  14997.828832 -14926.117770  15987.250039    197.403923  6  6  2  77       
PG02  15189.826600  -6037.301310  21180.117010    156.808151  4  2  3  77       
PG03  23090.628208 -12043.058748  -5173.681474    323.815527  4  2  2  65       
PG04  13343.405145  -7872.999788 -21566.762894     63.978325  4  4  4  61       
PG05 -24830.903061   4829.046245  -8302.483371   -235.963117  2  4  3  77       
PG06  -6112.495507 -21054.048685 -14821.821025   -551.343236  5  7  4  82       
PG07   6484.903986 -25192.130637  -3606.198939   -215.359113  2  6  5  48       
PG08  21354.877104   1193.331485  15845.421727    374.241862  4  2  3  90       
PG09   2605.691805 -16211.188658 -20968.110920    701.648539  6  4  5  74       
PG10   4952.515703  13730.870112  22460.280970   -551.575343  4  4  2  87       
PG11 -12867.367752  -9987.801542 -20935.605065   -242.795729  5  4  4  86       
PG12 -24114.988038  10462.026970  -4114.375738   -604.196741  2  4  3  71       
PG13 -23990.111483  11361.506404  -1311.858511    428.852622  4  9  2  78       
PG14  -1656.149090 -15907.999948  21278.929899    750.226000  1  4  4  60       
PG15 -20619.955567   1918.839421  16082.474854    436.422550  4  1  2  54       
PG16  23432.195176   2739.678186 -13012.135343    315.668264  3  4  4  51       
PG17  -8666.192672 -20993.750111  13900.803255   -187.924998  1  2  1  56       
PG18  -5860.589179  25661.864240  -1930.132114   -280.637885  6  8  5  68       
PG19 -17635.851842 -20080.245873   2765.448458    704.579246  3  5  4  86       
PG20 -22885.625568  -8127.809463  10795.397993    259.875497  5  5  5  86       
PG21 -19899.147892  -5163.419618 -16834.318679    383.383257  3  2  3  78       
PG22  -8497.705814 -13392.128443  21585.689286     57.573451  2  3  3  73       
PG23  -7612.050226  16700.751572  19167.981335    679.068578  4  5  4  80       
PG25 -15296.065598  17023.965754 -13653.935369    397.994909  4  5  4  74       
PG26  16048.538169   8440.206047 -19772.718041   -388.716093  3  4  3  73       
PG27  22981.056052  11886.258889   6556.666713      0.519449  3  6  3  85       
PG28   5899.340911  22617.209717 -12586.910326   -443.299112  3  6  5  48       
PG29  -5694.749031  14984.779127 -21178.825223   -262.764224  2  5  2  81       
PG30  -2733.589659 -24957.675555   8475.302552    329.559370  3  6  2  45       
PG31  11421.187926  14264.251339 -19472.015860   -128.327091  3  4  2  64       
PG32  14505.530260  20159.426760   9940.070062    216.087133  4  4  3  53       
*  2026  8 14  6  0  0.00000000
PG01  14793.338098 -12991.543395  17774.129343    197.395505  6  6  2  63       
PG02  15186.009354  -3645.262032  21785.618237    156.814412  4  3  2  70       
PG03  23523.750689 -12045.951181  -2287.093196    323.797355  4  2  2  68       
PG04  15194.576430  -6302.126242 -20863.388251     63.978793  4  3  3  75       
PG05 -23936.407394   4210.738422 -10909.534712   -235.963193  3  4  3  71       
PG06  -5725.511527 -22589.756911 -12536.682912   -551.334719  4  7  4  63       
PG07   6715.429428 -24509.081552  -6387.351423   -215.362244  2  6  5  59       
PG08  22666.665154   2320.061194  13837.640065    374.233016  4  3  3  87       
PG09   4605.215285 -14857.365308 -21627.625145    701.641386  5  4  5  58       
PG10   2636.546172  14648.571994  22238.417510   -551.569687  4  4  2  82       
PG11 -12403.260543 -12293.481186 -19977.054147   -242.784887  5  4  4  82       
PG12 -24462.216434  10308.355474  -1285.978320   -604.196063  2  4  3  70       
PG13 -24081.840600  11118.221629   1538.774336    428.857002  4  9  1  83       
PG14    583.639467 -16740.862893  20655.996503    750.226006  1  5  4  75       
PG15 -22140.334421    892.030197  14098.835750    436.425595  4  1  2  58       
PG16  22021.186664   3374.894607 -15174.010351    315.674224  4  4  4  73       
PG17  -7264.165439 -20075.337157  15985.482064   -187.930101  2  2  1  61       
PG18  -6049.951447  25236.938792  -4788.920462   -280.629857  6  8  4  69       
PG19 -17139.163459 -19924.035714   5526.778234    704.579328  2  5  3  85       
PG20 -23631.032046  -8942.659472   8223.717901    259.884744  5  4  6  90       
PG21 -18077.766688  -6049.561017 -18506.617606    383.377223  4  3  3  86       
PG22  -6202.617255 -14173.102662  21898.785355     57.580878  2  3  3  64       
PG23  -9563.387044  17451.443668  17523.424347    679.071963  4  5  4  79       
PG25 -16660.037426  17373.384582 -11334.564195    397.991895  4  5  3  66       
PG26  14108.616765   9618.272251 -20667.634782   -388.717764  4  4  4  65       
PG27  23344.678859  12457.807085   3829.468627      0.520183  3  6  3  81       
PG28   5559.953785  23892.368722 -10148.051336   -443.289429  3  6  4  63       
PG29  -7570.924716  13412.893027 -21655.655456   -262.757429  3  4  2  89       
PG30  -2328.793088 -25720.003305   5815.766564    329.570908  4  6  4  34       
PG31  10973.672618  16321.217161 -18012.127460   -128.324587  3  4  3  57       
PG32  13406.486049  19571.080477  12405.788602    216.104659  4  3  3  71       
*  2026  8 14  6 15  0.00000000
PG01  14663.416103 -10866.137110  19253.910032    197.387236  5  6  2  64       
PG02  15309.894607  -1215.647326  22026.420946    156.820822  3  3  1  76       
PG03  23658.634857 -11929.657850    638.982384    323.779220  4  2  2  56       
PG04  17045.435253  -4893.193567 -19801.341172     63.979198  4  3  3  84       
PG05 -22829.573460   3407.093786 -13330.520568   -235.963328  3  4  4  71       
PG06  -5448.653981 -23872.703581 -10033.389381   -551.326190  3  7  3  61       
PG07   6963.988811 -23523.159909  -9053.970804   -215.365519  2  6  5  44       
PG08  23825.174406   3254.905603  11594.288689    374.224168  4  4  4  75       
PG09   6718.594666 -13584.112533 -21918.339191    701.634164  5  3  5  76       
PG10    415.681255  15680.694683  21642.384349   -551.564006  4  4  2  74       
PG11 -12074.203949 -14491.765422 -18673.731872   -242.773969  5  4  5  75       
PG12 -24521.079076  10048.427912   1564.485514   -604.195372  2  3  3  74       
PG13 -23904.370241  10725.735602   4362.942234    428.861408  5  9  1  82       
PG14   2701.744255 -17644.856600  19679.008545    750.226012  1  5  4  62       
PG15 -23484.833360     41.417644  11864.233711    436.428016  3  2  2  34       
PG16  20435.610920   4165.942192 -17086.033757    315.680414  4  4  4  37       
PG17  -5645.282072 -19100.201275  17798.484123   -187.934793  2  2  1  63       
PG18  -6235.300319  24501.874172  -7563.681164   -280.621816  6  8  5  63       
PG19 -16399.120663 -19602.690028   8196.074935    704.579757  2  5  3  75       
PG20 -24165.382938  -9557.955657   5510.678315    259.894011  5  3  6  86       
PG21 -16150.534855  -7103.971638 -19860.759390    383.371150  4  4  3  83       
PG22  -3941.059802 -15077.183035  21845.582969     57.588782  2  3  3  45       
PG23 -11290.605735  18216.792906  15575.814258    679.075333  4  5  4  70       
PG25 -17768.090722  17662.191163  -8821.149174    397.988873  3  5  3  60       
PG26  12156.820016  10932.332267 -21216.691935   -388.719448  4  4  4  67       
PG27  23476.990725  12839.908614   1037.611513      0.519855  3  6  3  79       
PG28   5298.402224  24897.492713  -7534.275913   -443.279701  4  7  3  74       
PG29  -9550.794734  11921.430729 -21760.455196   -262.751120  3  4  2  76       
PG30  -1974.832667 -26195.189031   3055.153132    329.582412  4  6  4  49       
PG31  10646.698575  18221.490886 -16246.069628   -128.322207  3  4  3  71       
PG32  12056.613906  18898.526366  14662.996921    216.122141  4  3  3  71       
*  2026  8 14  6 30  0.00000000
PG01  14632.412019  -8589.033877  20401.219451    197.378867  5  6  1  71       
PG02  15563.111562   1204.268972  21900.415127    156.827391  3  4  1  91       
PG03  23510.555143 -11656.942635   3553.966855    323.761036  3  2  2  77       
PG04  18850.228409  -3661.467608 -18399.380176     63.979599  3  3  2  72       
PG05 -21550.554061   2403.206863 -15524.537353   -235.963530  4  4  3  64       
PG06  -5250.407971 -24873.650402  -7355.499423   -551.317635  3  6  3 105       
PG07   7265.227780 -22249.909357 -11557.288157   -215.368692  2  6  5  58       
PG08  24792.843985   4008.801453   9154.381912    374.215346  4  4  4  89       
PG09   8906.445012 -12420.255621 -21835.594976    701.626930  5  2  4  80       
PG10  -1669.110637  16798.190820  20680.965370   -551.558378  4  4  3  96       
PG11 -11867.573126 -16537.437284 -17048.429340   -242.763006  5  5  5  81       
PG12 -24305.588728   9648.021468   4387.951885   -604.194869  2  3  3  68       
PG13 -23481.142457  10155.108690   7112.018188    428.865772  5  9  2  91       
PG14   4663.465026 -18589.197959  18363.731780    750.225985  1  5  4  80       
PG15 -24615.314310   -647.123910   9419.578341    436.431009  2  2  2  52       
PG16  18716.215501   5123.496638 -18716.918420    315.686379  4  4  4  67       
PG17  -3825.823836 -18109.653048  19310.363585   -187.939576  2  2  1  62       
PG18  -6454.177219  23468.361511 -10205.732671   -280.613717  6  7  5  73       
PG19 -15405.044417 -19152.275450  10728.642047    704.580033  2  5  3  43       
PG20 -24456.672842  -9995.480196   2702.846029    259.903271  5  3  6  91       
PG21 -14164.194171  -8323.848364 -20873.373821    383.365162  4  5  2  85       
PG22  -1756.350615 -16086.479402  21427.861900     57.596309  2  3  2  56       
PG23 -12771.554808  18955.139686  13358.166632    679.078719  3  5  4  87       
PG25 -18614.987159  17851.146623  -6155.957635    397.985810  4  4  3  42       
PG26  10233.618711  12364.442039 -21409.773078   -388.721129  4  4  4  77       
PG27  23355.146012  13060.681165  -1771.707510      0.519777  2  6  3  68       
PG28   5081.187891  25611.502005  -4790.626985   -443.269996  4  7  2  70       
PG29 -11596.465608  10541.057795 -21491.948374   -262.744145  3  4  2  70       
PG30  -1637.714216 -26371.243249    241.297500    329.593881  4  6  5  61       
PG31  10420.454733  19925.088401 -14202.731840   -128.319606  2  5  3  37       
PG32  10464.846818  18183.151928  16674.199459    216.139679  4  3  2  80       
*  2026  8 14  6 45  0.00000000
PG01  14717.949588  -6204.060511  21196.470955    197.370433  5  6  2  80       
PG02  15939.408698   3568.048670  21411.393023    156.833820  3  4  1  96       
PG03  23103.111473 -11195.204129   6407.213159    323.742882  3  2  2  93       
PG04  20562.419172  -2613.795178 -16682.020551     63.980089  3  3  1  50       
PG05 -20142.991759   1192.171122 -17454.632240   -235.964135  4  4  3  65       
PG06  -5094.941950 -25571.571270  -4549.635988   -551.308981  2  6  3  91       
PG07   7650.487026 -20713.722602 -13851.083674   -215.371567  2  6  5  69       
PG08  25536.465429   4599.730755   6559.888459    374.206491  4  5  4  93       
PG09  11125.129431 -11387.696975 -21381.035281    701.619731  5  3  4  81       
PG10  -3582.550807  17965.702418  19369.081199   -551.552758  3  4  3  90       
PG11 -11763.485604 -18389.470193 -15129.450850   -242.752129  6  5  5  80       
PG12 -23837.551331   9077.129379   7135.490468   -604.193891  3  3  2  64       
PG13 -22842.207886   9383.235250   9738.583476    428.870158  5  9  3  85       
PG14   6440.274344 -19538.323304  16731.850077    750.225965  1  5  4  72       
PG15 -25499.259844  -1194.692191   6809.121312    436.433523  2  3  2  66       
PG16  16906.014554   6250.659338 -20039.816679    315.692401  5  4  4  77       
PG17  -1829.574512 -17142.314413  20496.921023   -187.944351  1  2  1  63       
PG18  -6741.598126  22156.960376 -12668.783498   -280.605672  5  6  5  65       
PG19 -14154.218173 -18611.195426  13081.812468    704.580274  2  4  3  75       
PG20 -24479.287523 -10283.085382   -151.511377    259.912554  5  4  6  96       
PG21 -12165.350152  -9698.102799 -21526.946004    383.359129  5  5  2  88       
PG22    312.142181 -17176.297581  20653.276436     57.603989  2  3  2  66       
PG23 -13992.795646  19622.813046  10908.385498    679.082056  3  5  4  60       
PG25 -19203.768018  17902.105085  -3384.317025    397.982787  4  4  3  58       
PG26   8376.413004  13889.850994 -21242.541654   -388.722806  4  4  4  55       
PG27  22963.300949  13152.755814  -4551.430936      0.519995  2  6  3  47       
PG28   4872.020907  26021.688061  -1964.395200   -443.260294  4  7  2  78       
PG29 -13665.695869   9295.662042 -20855.235927   -262.738009  3  4  2  85       
PG30  -1282.248883 -26244.726089  -2576.756720    329.605414  5  6  6  82       
PG31  10268.937362  21397.242239 -11915.960996   -128.317025  2  5  2  40       
PG32   8648.326419  17464.991665  18406.038121    216.157219  4  3  2  94       
*  2026  8 14  7  0  0.00000000
PG01  14930.181436  -3758.221920  21626.189240    197.362091  5  6  3  63       
PG02  16424.944867   5831.595780  20568.882718    156.840385  3  5  1  86       
PG03  22467.267167 -10517.962592   9148.910344    323.724764  3  3  2  80       
PG04  22136.379501  -1748.539597 -14679.086963     63.980472  3  4  1  40       
PG05 -18652.374561   -224.489355 -19088.384045   -235.964389  5  4  3  58       
PG06  -4943.704426 -25954.396946  -1664.645442   -551.300334  2  6  3 100       
PG07   8146.269492 -18947.036432 -15892.709445   -215.374877  2  6  5  81       
PG08  26028.386491   5051.792454   3855.014336    374.197638  3  5  4  82       
PG09  13328.253599 -10500.688431 -20562.560895    701.612492  5  3  4  71       
PG10  -5296.238931  19142.818969  17727.641181   -551.547162  3  4  2  84       
PG11 -11735.704916 -20012.443706 -12950.104693   -242.741238  6  6  5  78       
PG12 -23145.707373   8311.354778   9759.168289   -604.193586  3  3  3  68       
PG13 -22023.013930   8393.942372  12197.251438    428.874579  6  9  3  76       
PG14   8010.754523 -20453.233672  14810.659092    750.225993  1  5  3  66       
PG15 -26110.952595  -1628.225263   4079.545292    436.436078  2  3  2  68       
PG16  15048.813994   7542.683050 -21032.702818    315.698526  5  5  4  70       
PG17    312.939545 -16232.693354  21339.497488   -187.949126  2  1  1  41       
PG18  -7128.475964  20596.363495 -14909.786920   -280.597641  5  5  6  67       
PG19 -12652.193247 -18018.680939  15215.620783    704.580441  2  4  2  68       
PG20 -24215.065534 -10453.432268  -3003.253052    259.921789  4  5  6  97       
PG21 -10198.801823 -11207.629274 -21810.123171    383.353103  5  6  1  86       
PG22   2230.256602 -18316.021834  19535.195225     57.611531  2  2  2  53       
PG23 -14949.977643  20175.897379   8268.630605    679.085389  3  5  4  71       
PG25 -19545.560794  17779.643031   -553.877258    397.979766  4  4  3  62       
PG26   6618.261367  15477.761215 -20716.580554   -388.724486  4  4  3  72       
PG27  22293.233102  13151.858322  -7255.361808      0.519663  2  6  3  53       
PG28   4633.418297  26124.142546    895.700701   -443.250643  5  7  2  77       
PG29 -15713.372331   8201.581202 -19861.675661   -262.731128  3  4  2  78       
PG30   -873.648602 -25820.911570  -5349.644026    329.616999  5  6  6  48       
PG31  10161.046725  22609.647741  -9424.071513   -128.314533  2  5  2  54       
PG32   6631.924853  16781.186908  19829.783135    216.174775  4  3  2  88       
*  2026  8 14  7 15  0.00000000
PG01  15271.347897  -1300.071723  21683.227071    197.353647  5  6  4  70       
PG02  16998.855804   7954.559617  19387.917288    156.846773  4  5  2  94       
PG03  21640.099181  -9606.121766  11730.989888    323.706656  3  3  2  78       
PG04  23529.051544  -1055.846447 -12425.182802     63.980906  3  5  1  51       
PG05 -17124.343112  -1836.708600 -20398.406926   -235.964904  5  4  4  76       
PG06  -4757.131457 -26019.416646   1249.283006   -551.291673  1  5  3  72       
PG07   8772.901971 -16989.173660 -17644.056869   -215.378022  3  6  5  69       
PG08  26247.508169   5394.061061   1085.474664    374.188790  3  5  4  75       
PG09  15468.268399  -9765.404230 -19394.189791    701.605310  5  3  4  57       
PG10  -6789.596707  20285.554826  15783.296807   -551.541534  3  4  2  67       
PG11 -11752.797365 -21377.746471 -10548.111160   -242.730357  6  5  5  70       
PG12 -22264.603522   7333.103757  12212.917948   -604.193019  3  4  3  73       
PG13 -21062.992786   7178.826520  14445.461282    428.878996  6  9  3  68       
PG14   9361.266489 -21293.001283  12632.652774    750.225993  1  5  3  63       
PG15 -26432.370854  -1979.155865   1279.043894    436.438707  2  3  2  59       
PG16  13187.717399   8986.977126 -21678.702562    315.704372  5  5  4  75       
PG17   2565.446748 -15409.941321  21825.178853   -187.953792  2  1  1  53       
PG18  -7640.217272  18822.347188 -16889.727678   -280.589552  5  4  6  62       
PG19 -10912.802251 -17413.248921  17093.453343    704.580759  2  3  2  65       
PG20 -23654.086190 -10542.544106  -5803.212531    259.931005  4  7  5 105       
PG21  -8305.949685 -12825.891380 -21717.916810    383.347066  6  6  1  81       
PG22   3970.098078 -19470.216316  18092.470567     57.619076  2  2  2  25       
PG23 -15647.860164  20572.035310   5484.592969    679.088737  3  4  4  61       
PG25 -19659.071911  17452.620404   2286.200629    397.976753  4  4  3  57       
PG26   4986.764554  17092.328098 -19839.449499   -388.726102  4  4  3  53       
PG27  21344.688418  13095.305287  -9838.848429      0.519662  3  6  3  50       
PG28   4328.352636  25923.857463   3740.358797   -443.240974  5  7  3  60       
PG29 -17693.098327   7267.131935 -18528.660242   -262.724825  3  3  1  84       
PG30   -379.120139 -25113.616605  -8028.587194    329.628620  5  6  6  69       
PG31  10061.905824  23541.488061  -6769.260646   -128.311962  2  5  3  69       
PG32   4447.490879  16164.568839  20921.756144    216.192340  4  3  2  86       
*  2026  8 14  7 30  0.00000000
PG01  15735.656583   1121.969899  21366.870853    197.345226  5  5  5  70       
PG02  17634.071117   9901.591456  17888.746747    156.852924  4  6  2  91       
PG03  20663.307787  -8448.950612  14108.014625    323.688588  3  3  2  86       
PG04  24701.516128   -518.226279  -9959.086407     63.981300  3  5  1  53       
PG05 -15603.011676  -3626.090302 -21362.771884   -235.965085  5  4  3  66       
PG06  -4496.395169 -25773.321328   4141.519809   -551.283040  2  5  4  73       
PG07   9543.460129 -14884.877934 -19072.433548   -215.381234  3  6  4  63       
PG08  26180.043659   5659.277773  -1702.235552    374.179917  3  5  4  63       
PG09  17498.121802  -9179.829235 -17895.820981    701.598119  5  3  4  40       
PG10  -8050.526558  21347.996112  13568.093263   -551.535871  3  4  2  69       
PG11 -11779.495314 -22464.521675  -7964.939094   -242.719497  6  6  5 102       
PG12 -21233.235043   6132.525172  14453.392623   -604.192469  4  4  3  66       
PG13 -20004.003682   5737.793393  16444.227368    428.883368  6  9  3  60       
PG14  10486.320649 -22016.380384  10235.005593    750.225975  2  5  2  55       
PG15 -26453.773614  -2281.915399  -1543.584270    436.441356  2  3  2  73       
PG16  11363.660872  10563.393821 -21966.367179    315.710483  5  5  4  72       
PG17   4887.125704 -14696.832776  21946.914337   -187.958399  2  1  1  69       
PG18  -8295.551255  16876.451821 -18574.323927   -280.581534  4  3  6  72       
PG19  -8957.874856 -16831.182451  18682.667759    704.580715  2  3  2  67       
PG20 -22795.151822 -10588.230880  -8503.050717    259.940343  4  8  5 110       
PG21  -6523.342772 -14519.805594 -21251.796236    383.341030  6  7  1  69       
PG22   5510.871194 -20599.906703  16349.140879     57.626823  3  2  1  51       
PG23 -16099.976782  20772.193692   2604.690840    679.092073  3  4  4  80       
PG25 -19569.777816  16895.607490   5086.117030    397.973702  5  3  2  44       
PG26   3503.147184  18693.871765 -18624.654079   -388.727682  4  3  2  78       
PG27  20125.449340  13020.468829 -12259.428317      0.519227  3  6  3  41       
PG28   3921.885821  25434.492633   6520.549088   -443.231293  5  7  3  60       
PG29 -19558.833821   6492.455225 -16879.298803   -262.718209  3  3  2  75       
PG30    230.609408 -24144.697089 -10566.311147    329.640100  6  6  7  86       
PG31   9934.354627  24180.193125  -3996.933447   -128.309621  2  5  3  59       
PG32   2132.847174  15642.413315  21663.682800    216.209834  4  4  2  86       
*  2026  8 14  7 45  0.00000000
PG01  16309.486262   3461.286625  20682.834478    197.336806  5  5  5  81       
PG02  18298.350494  11643.417353  16096.498706    156.859460  4  6  3  84       
PG03  19581.543876  -7044.740668  16238.030633    323.670527  3  4  2  83       
PG04  25620.410036   -111.429342  -7323.084968     63.981708  4  5  2  62       
PG05 -14129.363859  -5566.433161 -21965.342192   -235.965953  5  4  3  71       
PG06  -4125.122037 -25231.888167   6961.901162   -551.274489  2  5  4  54       
PG07  10463.013964 -12682.605526 -20151.316607   -215.384136  3  6  5  78       
PG08  25820.016736   5882.423618  -4461.563216    374.171048  3  5  4  62       
PG09  19372.899534  -8733.965592 -16092.906705    701.590908  4  3  3  40       
PG10  -9075.754425  22284.059054  11119.017431   -551.530238  4  4  2  75       
PG11 -11778.212871 -23260.320541  -5245.083336   -242.708626  6  6  5  99       
PG12 -20093.510174   4708.153665  16440.788953   -604.191854  4  4  3  70       
PG13 -18888.689713   4079.277781  18158.829926    428.887741  7  9  4  46       
PG14  11388.630990 -22583.459745   7658.956165    750.225902  2  5  2  67       
PG15 -26173.962976  -2572.353942  -4339.807796    436.443933  2  3  2  75       
PG16   9614.024834  12244.789210 -21889.888794    315.716493  5  5  3  74       
PG17   7233.954391 -14108.997606  21703.553512   -187.962863  2  1  1  74       
PG18  -9105.638871  14804.447767 -19934.630320   -280.573466  4  3  6  76       
PG19  -6816.659898 -16305.087631  19955.172380    704.581185  3  3  2  72       
PG20 -21645.943907 -10628.446601 -11056.098934    259.949621  3  9  5 102       
PG21  -4881.420441 -16250.889018 -20419.671505    383.334977  6  7  1  78       
PG22   6839.455492 -21663.998115  14334.069570     57.634529  3  2  1  46       
PG23 -16327.952222  20742.319674   -320.798936    679.095442  3  4  3  77       
PG25 -19308.840059  16090.114238   7796.351425    397.970688  5  2  2  68       
PG26   2181.574162  20240.259979 -17091.520686   -388.729339  4  3  1  70       
PG27  18651.126380  12963.262541 -14477.428202      0.518916  3  5  3  64       
PG28   3382.723530  24677.819785   9188.363449   -443.221617  5  7  4  76       
PG29 -21266.526041   5869.681312 -14942.008785   -262.711750  3  2  2  68       
PG30    979.901160 -22943.228249 -12917.939413    329.651637  6  6  7  81       
PG31   9740.564120  24521.896363  -1154.944802   -128.307143  2  4  3  71       
PG32   -269.426415  15235.410271  22042.972303    216.227287  5  3  3  90       
*  2026  8 14  8  0  0.00000000
PG01  16971.906004   5674.661131  19643.142823    197.328393  6  5  5  83       
PG02  18955.502590  13157.695960  14040.792433    156.865836  4  6  3  68       
PG03  18440.620844  -5401.107686  18083.362486    323.652400  3  4  2  84       
PG04  26259.140049    194.423094  -4562.257388     63.982116  4  5  2  77       
PG05 -12739.780799  -7624.550207 -22196.019791   -235.965084  5  4  3  85       
PG06  -3611.011482 -24419.320807   9661.620409   -551.265975  2  4  4  73       
PG07  11528.234602 -10432.652911 -20860.953855   -215.387163  3  5  5  65       
PG08  25169.486161   6099.226603  -7146.604213    374.162199  3  4  4  60       
PG09  21051.394443  -8410.349600 -14016.037519    701.583722  4  3  3  41       
PG10  -9870.836405  23049.294822   8477.442935   -551.524648  4  4  2  74       
PG11 -11710.654348 -23761.440803  -2435.296045   -242.697766  6  6  6  98       
PG12 -18888.596579   3067.223723  18139.618389   -604.191397  4  4  3  60       
PG13 -17758.813438   2220.132591  19559.434028    428.892124  7  9  4  71       
PG14  12078.846242 -22957.290592   4949.100903    750.225901  3  5  2  49       
PG15 -25600.225537  -2886.142182  -7062.185194    436.446717  3  3  3  77       
PG16   7971.369283  13997.844164 -21449.252619    315.722511  5  5  3  42       
PG17   9560.165198 -13654.428169  21099.806181   -187.968294  2  1  1  53       
PG18 -10073.497076  12654.650826 -20947.531144   -280.565443  3  3  5  71       
PG19  -4524.967916 -15862.581247  20887.955261    704.581607  3  3  2  64       
PG20 -20222.845374 -10699.644111 -13418.176687    259.958859  4 10  5 102       
PG21  -3403.497182 -17976.627926 -19235.765356    383.328924  6  7  1  77       
PG22   7950.706819 -22620.781394  12080.523164     57.642021  3  2  2  43       
PG23 -16360.497430  20454.817185  -3240.656772    679.098764  3  4  3  57       
PG25 -18911.783206  15025.564499  10368.605646    397.967624  5  2  3  70       
PG26   1028.732057  21688.415590 -15264.972386   -388.731053  4  2  1  63       
PG27  16944.683773  12956.699211 -16456.517831      0.519070  3  5  3  73       
PG28   2684.628994  23682.865177  11697.845280   -443.211931  5  6  4  66       
PG29 -22775.670140   5383.405514 -12750.025589   -262.705341  3  1  1  47       
PG30   1887.007623 -21544.400835 -15041.851739    329.663108  7  6  7  58       
PG31   9443.707258  24571.563854   1707.230667   -128.304570  3  5  3  69       
PG32  -2713.382231  14956.883441  22052.921398    216.244795  5  3  3  93       
*  2026  8 14  8 15  0.00000000
PG01  17695.488379   7723.734692  18265.908106    197.320024  6  6  6  90       
PG02  19566.745807  14429.636619  11755.309687    156.872229  4  6  3  85       
PG03  17285.683990  -3534.920981  19611.332982    323.634410  4  4  2  76       
PG04  26598.849606    433.495350  -1723.717674     63.982534  4  5  3  66       
PG05 -11464.754468  -9761.352114 -22050.900524   -235.966431  5  4  3  68       
PG06  -2927.289828 -23367.273492  12194.087410   -551.257465  2  4  4  67       
PG07  12727.384130  -8185.209090 -21188.790616   -215.390297  3  5  5  76       
PG08  24238.491739   6344.655593  -9712.789626    374.153320  3  4  4  54       
PG09  22497.546968  -8184.859347 -11700.445786    701.576566  4  3  3  55       
PG10 -10449.821344  23602.671235   5688.475614   -551.519064  4  4  2  67       
PG11 -11539.452777 -23972.939163    416.214687   -242.686858  6  7  6  81       
PG12 -17661.216509   1225.635890  19519.407701   -604.190550  4  4  3  70       
PG13 -16653.636556    185.189243  20621.624781    428.896518  7  9  4  53       
PG14  12574.965212 -23105.423087   2152.609301    750.225929  3  5  1  42       
PG15 -24747.966809  -3257.217910  -9665.126287    436.449226  3  4  3  97       
PG16   6462.336542  15784.122758 -20650.320786    315.728607  5  4  3  47       
PG17  11819.755899 -13333.273646  20146.129209   -187.972428  2  1  1  69       
PG18 -11193.759540  10476.156456 -21596.115685   -280.557405  2  3  5  64       
PG19  -2124.058491 -15525.160615  21463.551228    704.581840  3  3  2  52       
PG20 -18550.434497 -10835.192558 -15548.368983    259.968164  5 10  4 109       
PG21  -2105.029418 -19652.015091 -17720.375804    383.322897  6  6  1  75       
PG22   8847.474041 -23429.477077   9625.691225     57.649668  3  2  2  46       
PG23 -16232.122335  19889.780829  -6103.663982    679.102163  3  3  3  57       
PG25 -18416.986621  13699.966747  12756.750421    397.964572  5  2  3  64       
PG26     43.696900  22995.894930 -13175.202192   -388.732709  4  2  1  46       
PG27  15035.717524  13029.567510 -18164.215884      0.518499  4  5  4  59       
PG28   1807.640345  22484.784384  14005.784088   -443.202252  4  6  4  69       
PG29 -24050.742426   5011.454954 -10340.838384   -262.698798  2  1  1  78       
PG30   2963.123310 -19988.177323 -16900.481802    329.674602  7  6  6  73       
PG31   9009.618945  24342.783312   4539.386693   -128.301890  4  4  3  52       
PG32  -5151.219747  14812.288161  21692.840246    216.262330  5  4  4  87       
*  2026  8 14  8 30  0.00000000
PG01  18447.384330   9576.276598  16575.003992    197.311695  7  6  6  75       
PG02  20092.166837  15452.359849   9277.324697    156.878763  4  6  3  73       
PG03  16159.413108  -1471.859762  20794.889876    323.616375  4  3  2  87       
PG04  26629.103301    642.733778   1144.169408     63.983020  5  5  4  49       
PG05 -10327.832030 -11933.155553 -21532.336789   -235.966334  5  5  3  79       
PG06  -2053.942037 -22113.599947  14515.739655   -551.248957  2  4  4  82       
PG07  14040.689409  -5988.426060 -21129.708063   -215.393189  3  4  5  69       
PG08  23044.726459   6651.453023 -12117.545749    374.144380  4  4  4  33       
PG09  23681.703528  -8027.783150  -9185.434042    701.569403  4  3  3  57       
PG10 -10834.575004  23908.259584   2800.206016   -551.513511  4  4  2  65       
PG11 -11229.775202 -23908.319411   3260.605247   -242.676026  6  7  6  79       
PG12 -16451.961034   -792.429058  20555.310201   -604.189956  4  3  3  79       
PG13 -15608.407558  -1993.495307  21326.848135    428.900913  8  9  4  76       
PG14  12901.456967 -23001.286725   -681.624621    750.225851  3  4  1  53       
PG15 -23640.063314  -3716.334150 -12105.584299    436.452116  4  4  3  85       
PG16   5106.761749  17561.337512 -19504.841760    315.734653  5  4  3  60       
PG17  13968.005887 -13137.925364  18858.543928   -187.977217  2  1  1  69       
PG18 -12452.780707   8317.064349 -21869.931260   -280.549344  2  3  5  69       
PG19    340.693118 -15307.302425  21670.434954    704.581877  3  3  2  71       
PG20 -16660.668736 -11063.920527 -17409.748636    259.977470  5 10  4  94       
PG21   -993.192480 -21231.197069 -15899.532811    383.316780  6  6  1  74       
PG22   9540.329560 -24051.764794   7010.150634     57.657286  3  2  2  52       
PG23 -15981.618609  19035.933894  -8859.553400    679.105470  3  3  3  64       
PG25 -17864.051488  12120.244920  14917.750739    397.961543  5  1  3  77       
PG26   -781.900141  24122.478515 -10857.242039   -388.734433  4  2  1  47       
PG27  12959.511029  13205.270505 -19572.346507      0.518778  4  4  4  58       
PG28    739.043530  21123.513328  16072.461002   -443.192616  3  5  4  62       
PG29 -25062.453643   4725.915799  -7755.561167   -262.691955  2  1  1  82       
PG30   4211.725058 -18317.763636 -18461.035323    329.686061  7  6  6  72       
PG31   8408.375064  23857.214410   7291.514007   -128.299433  4  4  3  72       
PG32  -7534.874693  14799.006288  20968.097515    216.279852  5  4  4  89       
*  2026  8 14  8 45  0.00000000
PG01  19190.617444  11207.216287  14599.643901    197.303236  7  6  6  78       
PG02  20492.230429  16226.989372   6647.194755    156.884962  5  6  3  70       
PG03  15100.333203    754.388115  21613.124269    323.598327  4  3  1  93       
PG04  26348.264903    860.260374   3992.588621     63.983438  5  4  4  73       
PG05  -9344.829114 -14093.169860 -20648.906840   -235.966986  5  6  3  81       
PG06   -978.673209 -20700.878452  16586.790521   -551.240471  2  3  4  77       
PG07  15441.079977  -3886.599276 -20686.067662   -215.396525  2  4  6  54       
PG08  21612.947534   7048.756535 -14320.923163    374.135542  4  4  4  43       
PG09  24581.645907  -7905.109218  -6513.735709    701.562232  4  3  2  39       
PG10 -11053.785718  23936.755621   -137.120913   -551.507972  3  4  1  70       
PG11 -10750.833012 -23588.909749   6049.222412   -242.665162  6  7  6  87       
PG12 -15297.694176  -2955.236789  21228.610954   -604.189418  3  2  3  68       
PG13 -14653.017196  -4277.677130  21662.748406    428.905318  8  9  4  86       
PG14  13088.119652 -22625.355348  -3503.877592    750.225844  3  4  1  59       
PG15 -22305.965644  -4289.758912 -14343.673967    436.454592  4  5  3  94       
PG16   3917.026252  19284.783150 -18030.378722    315.740852  5  4  4  69       
PG17  15962.947581 -13053.387919  17258.387174   -187.982313  2  2  1  67       
PG18 -13829.075742   6222.763917 -21765.112540   -280.541300  3  3  4  79       
PG19   2821.305972 -15215.830755  21503.327634    704.582472  3  3  2  71       
PG20 -14591.789296 -11408.843121 -18970.029887    259.986702  6 10  4  99       
PG21    -66.783942 -22669.168124 -13804.554467    383.310717  6  6  1  76       
PG22  10047.021020 -24453.245616   4277.276943     57.664645  3  2  2  58       
PG23 -15650.375110  17891.229571 -11459.945507    679.108807  2  3  3  63       
PG25 -17292.112251  10302.207691  16812.544521    397.958514  5  1  3  80       
PG26  -1463.409048  25031.712311  -8350.428321   -388.736187  4  2  1  70       
PG27  10755.899614  13500.863727 -20657.444833      0.518794  4  4  4  81       
PG28   -525.937578  19642.248172  17862.332262   -443.182907  2  5  4  78       
PG29 -25788.776615   4494.381252  -5038.248723   -262.685298  2  2  1  83       
PG30   5628.231565 -16577.960340 -19696.111009    329.697468  7  6  6  64       
PG31   7615.721696  23143.716888   9914.749264   -128.296964  4  4  3  51       
PG32  -9817.628038  14906.447714  19890.081975    216.297338  4  3  4  84       
*  2026  8 14  9  0  0.00000000
PG01  19885.547195  12599.400419  12373.871357    197.294741  7  7  6  66       
PG02  20729.292275  16762.472116   3907.812401    156.891604  5  6  4  54       
PG03  14141.304063   3103.253838  22051.667999    323.580348  4  3  1  92       
PG04  25763.555777   1123.724338   6773.078775     63.983848  5  4  4  92       
PG05  -8523.340531 -16193.109039 -19415.290625   -235.967524  5  6  3  68       
PG06    302.436747 -19174.772815  18371.901968   -551.231997  2  3  3  64       
PG07  16895.250960  -1918.542618 -19867.565340   -215.399536  3  4  6  59       
PG08  19974.147079   7560.856381 -16286.190417    374.126739  4  4  4  56       
PG09  25183.352726  -7779.988638  -3730.816645    701.555048  4  3  2  75       
PG10 -11141.685747  23666.767922  -3072.005121   -551.502354  3  4  1  64       
PG11 -10077.239813 -23042.954824   8734.421379   -242.654285  6  7  6  83       
PG12 -14230.114937  -5224.540438  21527.111619   -604.188920  3  2  3  73       
PG13 -13810.875154  -6624.210188  21623.395554    428.909729  8  9  4  63       
PG14  13168.723617 -21966.045762  -6264.519834    750.225803  3  4  1  49       
PG15 -20780.592356  -4998.168283 -16343.213868    436.457485  5  5  3  89       
PG16   2897.682595  20908.893358 -16250.150211    315.746596  5  3  3  39       
PG17  17766.744646 -13057.922479  15371.998409   -187.986934  1  2  1  54       
PG18 -15294.075336   4234.347306 -21284.388689   -280.533272  4  3  4  77       
PG19   5268.827371 -15249.585750  20963.405032    704.582672  3  3  2  74       
PG20 -12386.988271 -11886.124099 -20202.140881    259.996202  6 10  4  93       
PG21    683.543185 -23923.445340 -11471.509869    383.304690  6  6  1  71       
PG22  10391.660465 -24604.785966   1472.606086     57.672407  3  2  2  47       
PG23 -15280.596383  16463.088928 -13859.248708    679.112134  3  3  3  87       
PG25 -16738.166123   8270.150956  18406.849174    397.955515  5  1  3  66       
PG26  -2022.411054  25692.337040  -5697.767769   -388.737952  4  2  1  71       
PG27   8467.980691  13926.324647 -21401.109391      0.518711  4  3  5  65       
PG28  -1983.761116  18085.813243  19344.638935   -443.173193  2  4  4  78       
PG29 -26215.710804   4281.372748  -2235.167659   -262.678825  2  2  1  81       
PG30   7199.997458 -14813.462745 -20584.209623    329.708898  7  5  6  81       
PG31   6614.290205  22237.187788  12362.321690   -128.294598  4  4  2  75       
PG32 -11955.678953  15116.458080  18476.077987    216.314844  4  3  3  79       
*  2026  8 14  9 15  0.00000000
PG01  20491.444524  13744.047688   9935.971504    197.286341  8  7  5  79       
PG02  20769.066279  17075.130064   1104.019939    156.897844  5  6  4  61       
PG03  13308.251828   5528.696309  22102.960564    323.562344  4  2  1  93       
PG04  24890.792177   1468.673576   9438.329885     63.984318  5  4  4  83       
PG05  -7862.566723 -18184.871505 -17852.052726   -235.967839  5  6  3  67       
PG06   1784.609238 -17582.294594  19840.771062   -551.223500  2  3  2  59       
PG07  18364.995695   -116.229940 -18690.907273   -215.402769  4  4  6  54       
PG08  18164.510382   8206.131073 -17980.387938    374.117881  4  3  4  73       
PG09  25481.463496  -7614.317043   -884.127084    701.547898  4  3  2  72       
PG10 -11136.536195  23085.814355  -5952.642271   -551.496817  2  4  1  73       
PG11  -9190.165238 -22304.458110  11270.363028   -242.643376  5  7  5  84       
PG12 -13274.538974  -7556.895119  21445.383743   -604.188269  2  2  3  75       
PG13 -13098.052524  -8986.528184  21209.397343    428.914149  8  9  4  56       
PG14  13179.494670 -21020.309828  -8914.944495    750.225758  3  4  1  53       
PG15 -19103.059237  -5855.765764 -18072.193379    436.460045  5  5  4  87       
PG16   2045.371849  22388.868590 -14192.776673    315.752830  5  3  4  51       
PG17  19346.931552 -13123.940506  13230.344880   -187.991630  1  2  1  49       
PG18 -16813.162064   2387.209969 -20436.972482   -280.525237  5  3  4  83       
PG19   7635.030803 -15399.413932  20058.395416    704.583068  3  3  2  69       
PG20 -10092.889847 -12504.314986 -21084.704089    260.005458  6 10  4  93       
PG21   1274.726724 -24955.659960  -8940.597731    383.298589  6  5  1  54       
PG22  10603.676124 -24483.694330  -1356.849440     57.679949  3  2  2  54       
PG23 -14913.498910  14768.264899 -16015.503291    679.115486  3  2  3  78       
PG25 -16235.495024   6056.105697  19671.872027    397.952503  5  2  3  79       
PG26  -2485.706836  26079.544956  -2945.210916   -388.739697  4  3  1  59       
PG27   6140.710808  14484.078838 -21790.298694      0.518559  4  3  5  75       
PG28  -3622.512358  16498.980238  20493.932601   -443.163462  2  4  4  84       
PG29 -26337.755931   4049.880602    605.966848   -262.672080  3  3  1  55       
PG30   8906.642232 -13067.181386 -21110.119845    329.720349  7  5  5  63       
PG31   5394.541840  21177.153175  14590.473484   -128.291944  4  4  2  69       
PG32 -13909.625959  15404.021933  16749.052542    216.332321  4  3  3  62       
*  2026  8 14  9 30  0.00000000
PG01  20968.119061  14640.885738   7327.813959    197.277863  8  7  5 111       
PG02  20581.997776  17187.955488  -1718.012715    156.904236  5  5  4  69       
PG03  12619.195171   7980.834030  21766.379676    323.544345  5  1  1  96       
PG04  23753.811418   1927.007299  11942.961587     63.984741  5  4  4  80       
PG05  -7353.463293 -20022.227156 -15985.333755   -235.968263  5  6  3  59       
PG06   3454.384543 -15970.034827  20968.621884   -551.214987  2  3  1  72       
PG07  19808.740557   1496.241036 -17179.326304   -215.405690  5  4  6  50       
PG08  16224.196259   8996.198354 -19374.837543    374.109052  4  3  4  59       
PG09  25479.426417  -7370.375413   1977.685440    701.540746  4  3  2  73       
PG10 -11078.935445  22190.978215  -8727.905477   -551.491289  1  3  1  69       
PG11  -8078.241066 -21411.819487  13613.778158   -242.632477  4  7  5  68       
PG12 -12448.952366  -9905.192392  20984.882927   -604.187977  2  2  2  70       
PG13 -12522.724205 -11316.266063  20427.893794    428.918578  8  9  4  65       
PG14  13157.500847 -19793.892926 -11408.482197    750.225700  3  4  2  55       
PG15 -17315.291363  -6869.651789 -19503.166259    436.462920  5  6  4  79       
PG16   1349.044721  23682.317642 -11891.927549    315.758727  5  3  4  57       
PG17  20677.472930 -13219.118600  10868.586414   -187.996489  1  2  1  66       
PG18 -18346.944547    709.890045 -19238.337724   -280.517293  6  3  4  87       
PG19   9874.112820 -15648.488856  18802.557404    704.583253  3  3  2  64       
PG20  -7757.904419 -13263.902051 -21602.415494    260.014751  5 10  3  88       
PG21   1730.443072 -25733.003021  -6255.451389    383.292414  5  5  1  53       
PG22  10716.560517 -24074.686071  -4163.324653     57.687544  3  1  3  64       
PG23 -14587.560692  12832.337880 -17891.150252    679.118785  4  2  3  86       
PG25 -15812.251092   3698.760641  20584.903236    397.949480  4  3  3  84       
PG26  -2884.079189  26176.008281   -140.843994   -388.741401  4  3  2  65       
PG27   3819.434524  15168.800900 -21817.568469      0.518908  4  2  5  68       
PG28  -5422.176528  14924.803673  21290.508324   -443.153789  3  5  4  92       
PG29 -26158.077322   3762.966110   3436.777589   -262.665467  3  3  1  63       
PG30  10720.699561 -11378.652973 -21265.173360    329.731791  6  4  4  70       
PG31   3955.396660  20006.172036  16559.329612   -128.289753  4  4  2  68       
PG32 -15645.802282  15738.240218  14737.352114    216.349806  3  3  3  81       
*  2026  8 14  9 45  0.00000000
PG01  21277.535598  15297.966591   4594.138155    197.269500  8  7  5 109       
PG02  20144.495631  17129.668836  -4511.445295    156.910731  5  5  3  73       
PG03  12083.605693  10407.732843  21048.233247    323.526374  4  1  1  91       
PG04  22383.608134   2525.567867  14244.271709     63.985131  5  4  4  65       
PG05  -6979.209574 -21662.450465 -13846.452468   -235.968906  4  6  2  78       
PG06   5289.978050 -14382.433621  21736.596586   -551.206482  1  3  1  69       
PG07  21183.207015   2903.325524 -15361.963376   -215.408902  6  5  6  67       
PG08  14195.979670   9935.312181 -20445.602596    374.100201  4  3  4  61       
PG09  25189.322583  -7012.467603   4805.590591    701.533648  5  2  1  67       
PG10 -11010.020915  20989.189444 -11348.334679   -551.485696  1  3  1  61       
PG11  -6738.185431 -20406.320177  15724.687113   -242.621568  3  6  5  83       
PG12 -11763.377941 -12220.350976  20153.920378   -604.187250  1  2  2  81       
PG13 -12084.933254 -13564.958063  19292.433649    428.922997  8  9  4  63       
PG14  13139.010887 -18301.246222 -13701.279199    750.225632  3  4  2  52       
PG15 -15460.566670  -8039.458475 -20613.573802    436.465728  6  6  4  89       
PG16    790.487217  24750.852013  -9385.865226    315.765084  5  2  4  58       
PG17  21739.606234 -13307.698119   8325.581333   -188.001046  1  2  1  61       
PG18 -19852.717273   -776.812719 -17709.893151   -280.509250  7  3  4  87       
PG19  11944.320903 -15972.957389  17216.529957    704.583518  2  3  2  38       
PG20  -5430.519657 -14157.179811 -21746.315342    260.024154  5  9  3  76       
PG21   2079.990080 -26229.468825  -3462.382354    383.286314  4  5  1  53       
PG22  10766.456567 -23370.597389  -6899.059671     57.695333  3  1  3  58       
PG23 -14336.897056  10688.864374 -19453.708491    679.122137  4  2  3  76       
PG25 -15490.269691   1242.105109  21129.773604    397.946472  4  3  3  70       
PG26  -3250.877758  25972.631260   2665.986162   -388.743174  4  3  2  69       
PG27   1548.392791  15967.500436 -21481.245100      0.518816  4  2  5  79       
PG28  -7355.229095  13403.036604  21720.737933   -443.144081  3  4  4  68       
PG29 -25688.356737   3385.364781   6209.023813   -262.658761  3  3  2  30       
PG30  12608.558455  -9782.607169 -21047.365538    329.743272  6  4  3  58       
PG31   2304.515398  18768.119794  18233.693290   -128.286887  4  4  2  64       
PG32 -17137.414948  16083.550799  12474.308473    216.367260  2  2  2  44       
*  2026  8 14 10  0  0.00000000
PG01  21385.357971  15731.169091   1781.793037    197.261065  7  7  4 111       
PG02  19439.978699  16933.566307  -7229.456864    156.917398  5  5  3  59       
PG03  11702.127413  12757.275731  19961.614367    323.508400  4  1  1  87       
PG04  20817.212251   3284.925019  16302.944217     63.985536  5  4  4  61       
PG05  -6715.980815 -23067.839429 -11471.421927   -235.968927  4  5  2  86       
PG06   7261.959398 -12860.153471  22132.041442   -551.197952  1  3  1  74       
PG07  22445.123180   4098.331834 -13273.141807   -215.412105  7  5  6  79       
PG08  12123.801513  11020.029130 -21173.893258    374.091371  4  3  5  68       
PG09  24631.371247  -6508.491599   7551.004595    701.526491  4  2  1  48       
PG10 -10969.640617  19497.112542 -13767.108677   -551.480121  2  2  1  67       
PG11  -5175.121473 -19330.512571  17567.064089   -242.610637  1  6  4  79       
PG12 -11219.580601 -14453.092837  18967.492559   -604.186812  1  2  2  82       
PG13 -11776.686325 -15685.746020  17822.734964    428.927362  9  9  4  77       
PG14  13157.894034 -16565.095413 -15753.118523    750.225593  3  4  2  56       
PG15 -13582.039712  -9357.256118 -21386.000948    436.468497  5  5  4  85       
PG16    345.139950  25561.570234  -6716.884594    315.770984  5  3  4  58       
PG17  22522.437249 -13351.926989   5643.335132   -188.005590  1  2  1  63       
PG18 -21286.047938  -2060.409443 -15878.562284   -280.501245  7  3  4  89       
PG19  13809.444496 -16342.892642  15327.049748    704.583744  2  3  2  57       
PG20  -3157.595019 -15168.456641 -21513.945401    260.033560  5  9  3  76       
PG21   2356.949317 -26426.847602   -609.575838    383.280218  3  5  1  71       
PG22  10790.630518 -22372.816705  -9517.082321     57.702677  3  1  3  30       
PG23 -14189.829537   8378.214960 -20676.346657    679.125467  4  3  3  74       
PG25 -15284.163145  -1266.148854  21297.164435    397.943479  4  4  3  84       
PG26  -3620.482971  25468.988312   5425.596141   -388.744920  3  3  2  63       
PG27   -630.739728  16859.894988 -20785.530057      0.518636  4  2  5  74       
PG28  -9387.521135  11968.687337  21777.298409   -443.134362  3  4  4  85       
PG29 -24948.333836   2885.030257   8875.400078   -262.652131  3  3  2  54       
PG30  14531.655380  -8307.746817 -20461.341954    329.754733  5  3  2  56       
PG31    458.218663  17506.425322  19583.745322   -128.284296  4  4  2  88       
PG32 -18365.442650  16401.151031   9997.753951    216.384718  2  1  2  52       
*  2026  8 14 10 15  0.00000000
PG01  21262.361441  15963.408605  -1061.056400    197.252601  7  6  3  66       
PG02  18459.695945  16636.191779  -9825.963771    156.923594  5  5  3  57       
PG03  11466.664497  14979.037943  18526.124430    323.490431  4  1  1  91       
PG04  19096.349679   4218.398824  18083.706133     63.985993  5  3  4  76       
PG05  -6533.997320 -24207.063380  -8900.384290   -235.969514  4  5  2  77       
PG06   9334.226733 -11438.617170  22148.685738   -551.189393  2  2  3  78       
PG07  23552.908967   5083.346752 -10951.563655   -215.415167  8  5  6  71       
PG08  10051.274164  12239.159579 -21546.410702    374.082548  4  3  5  78       
PG09  23833.132894  -5831.383207  10166.621136    701.519357  4  1  1  64       
PG10 -10994.574129  17740.640582 -15940.974140   -551.474495  2  2  1  66       
PG11  -3402.578145 -18226.575761  19109.436301   -242.599758  1  5  4  80       
PG12 -10811.122791 -16555.730088  17446.973867   -604.186229  1  2  2  78       
PG13 -11582.375971 -17635.031150  16044.334293    428.931769  9  8  5  73       
PG14  13244.128978 -14615.683773 -17528.165078    750.225549  3  3  2  55       
PG15 -11721.293155 -10807.729947 -21808.368616    436.470946  5  5  4  76       
PG16    -16.812196  26088.370065  -3930.650103    315.776920  6  3  3  51       
PG17  23023.265037 -13313.595684   2866.394081   -188.010526  1  2  1  56       
PG18 -22602.430534  -3136.969269 -13776.279758   -280.493243  7  4  3  95       
PG19  15440.104608 -16723.520389  13166.534873    704.583855  2  2  2  62       
PG20   -982.726050 -16274.584829 -20909.389847    260.042919  4  8  3  67       
PG21   2597.680673 -26315.428441   2253.747317    383.274193  3  5  1  48       
PG22  10825.886411 -21091.410611 -11972.005407     57.710239  3  1  3  45       
PG23 -14167.705729   5946.150657 -21538.339146    679.128863  5  3  4  77       
PG25 -15200.734768  -3776.295474  21084.761895    397.940480  4  4  3  79       
PG26  -4026.713554  24673.423743   8088.917845   -388.746668  3  4  2  51       
PG27  -2680.238475  17819.063038 -19740.529324      0.517853  4  1  5  57       
PG28 -11479.426029  10650.772180  21459.291965   -443.124661  2  5  4  85       
PG29 -23965.054654   2234.560339  11390.323714   -262.645666  3  3  2  56       
PG30  16447.866207  -6975.789024 -19518.254649    329.766199  5  3  2  49       
PG31  -1558.955272  16262.338131  20585.628265   -128.281806  4  4  1  86       
PG32 -19319.254659  16650.572581   7349.448329    216.402222  2  1  2  56       
*  2026  8 14 10 30  0.00000000
PG01  20885.659703  16023.585165  -3885.742872    197.244167  7  6  3  62       
PG02  17203.284824  16275.875028 -12256.359814    156.929870  5  5  3  57       
PG03  11360.830422  17026.091230  16767.472880    323.472498  4  1  1  86       
PG04  17265.934694   5331.359188  19555.923488     63.986408  5  3  4  70       
PG05  -6398.813354 -25056.287946  -6176.970222   -235.969739  5  5  2  67       
PG06  11465.237492 -10146.764085  21786.713139   -551.180864  2  2  3  78       
PG07  24468.264688   5868.805337  -8439.457030   -215.418019  8  5  6  69       
PG08   8020.193881  13574.010200 -21555.623523    374.073750  4  3  5  82       
PG09  22828.438534  -4960.374934  12607.229794    701.512241  4  1  1  76       
PG10 -11116.881585  15754.013074 -17831.106365   -551.468907  2  2  1  69       
PG11  -1442.172559 -17134.698626  20325.409169   -242.588867  3  4  4  83       
PG12 -10523.765498 -18483.888049  15619.681229   -604.185616  1  2  2  78       
PG13 -11479.512402 -19374.004752  13988.131169    428.936196  9  8  5  71       
PG14  13422.484654 -12489.721584 -18995.618199    750.225518  3  3  3  58       
PG15  -9916.962381 -12368.618047 -21874.065086    436.473942  5  5  4  79       
PG16   -329.115891  26313.029843  -1075.436038    315.782943  6  3  3  65       
PG17  23247.620957 -13155.614996     41.186756   -188.015144  1  2  1  53       
PG18 -23758.941281  -4011.036997 -11439.415198   -280.485224  7  4  2  86       
PG19  16814.783931 -17076.672274  10772.538108    704.584713  2  2  2  70       
PG20   1055.258038 -17445.794411 -19943.199223    260.052321  4  7  3  69       
PG21   2839.708926 -25894.384925   5078.187179    383.268093  3  5  1  56       
PG22  10906.981203 -19544.931757 -14220.826235     57.717905  4  1  3  64       
PG23 -14284.016454   3442.197244 -22025.399086    679.132218  6  3  4  92       
PG25 -15238.737114  -6238.439046  20497.253980    397.937519  4  4  3  74       
PG26  -4501.246281  23602.803272  10608.454853   -388.748380  3  4  3  63       
PG27  -4567.584747  18812.360928 -18362.201398      0.517890  4  2  5  69       
PG28 -13587.203787   9471.311564  20772.256238   -443.114970  1  5  4  65       
PG29 -22771.854248   1412.450605  13710.699034   -262.638789  3  2  2  62       
PG30  18313.039268  -5800.802412 -18235.495335    329.777702  6  3  1  58       
PG31  -3715.035978  15073.301157  21221.900217   -128.279013  4  3  2  68       
PG32 -19996.922196  16791.351236   4574.421617    216.419733  2  1  3  37       
*  2026  8 14 10 45  0.00000000
PG01  20239.699721  15945.310945  -6643.917755    197.235719  6  6  2  59       
PG02  15679.039350  15891.184828 -14478.270283    156.936327  5  4  2  71       
PG03  11360.736499  18856.665005  14716.964911    323.454506  4  2  1  89       
PG04  15372.449362   6620.829920  20694.126886     63.986818  4  2  4  82       
PG05  -6272.799051 -25600.032681  -3347.590494   -235.968997  5  5  1  41       
PG06  13609.448079  -9006.069663  21052.726807   -551.172325  3  1  4  82       
PG07  25157.601653   6472.739087  -5781.701248   -215.421404  9  4  4  49       
PG08   6069.112221  14998.914886 -21199.969070    374.064903  4  3  5  73       
PG09  21656.084501  -3882.019199  14830.507640    701.505108  4  1  1  78       
PG10 -11362.454273  13578.593316 -19403.878256   -551.463252  2  2  1  78       
PG11    677.014975 -16091.551242  21194.109702   -242.577955  3  4  4  85       
PG12 -10336.194856 -20198.093371  13518.323020   -604.185048  1  1  1  78       
PG13 -11439.734874 -20869.998163  11689.836729    428.940637  9  8  6  70       
PG14  13711.427617 -10229.086596 -20130.257953    750.225531  4  3  3  59       
PG15  -8203.475695 -14011.394498 -21582.018476    436.476577  5  4  4  71       
PG16   -627.938592  26226.006772   1798.720013    315.788932  6  3  3  58       
PG17  23209.015276 -12843.580132  -2784.682210   -188.020061  1  3  1  62       
PG18 -24715.835570  -4695.229214  -8908.136074   -280.477171  7  5  2  93       
PG19  17920.549285 -17362.407199   8187.077595    704.584348  3  1  2  63       
PG20   2923.605408 -18646.798007 -18632.199141    260.061641  3  6  3  52       
PG21   3120.066177 -25171.828340   7815.024209    383.262010  3  4  2  46       
PG22  11065.102088 -17759.907503 -16223.714074     57.725222  4  1  3  70       
PG23 -14543.843427    917.884543 -22129.884571    679.135627  6  4  3  88       
PG25 -15388.981637  -8604.293731  19546.173723    397.934549  4  4  4  76       
PG26  -5072.117596  22281.923601  12939.218496   -388.750173  3  4  3  47       
PG27  -6266.546417  19802.578136 -16672.217325      0.517356  4  2  4  76       
PG28 -15664.531007   8444.607373  19728.064771   -443.105244  1  5  4  75       
PG29 -21407.110531    404.127026  15796.646481   -262.632271  3  2  2  51       
PG30  20082.606054  -4788.862515 -16636.315516    329.789191  6  3  1  55       
PG31  -5971.715538  13971.499437  21481.847383   -128.276427  5  4  1  62       
PG32 -20405.204395  16784.728654   1720.239476    216.437249  2  1  3  43       
*  2026  8 14 11  0  0.00000000
PG01  19316.986352  15765.466186  -9288.366101    197.227281  6  5  2  57       
PG02  13903.867672  15519.351217 -16452.309069    156.942619  4  4  2  76       
PG03  11436.083668  20435.599331  12410.890840    323.436456  4  3  2  98       
PG04  13462.269763   8075.414409  21478.457889     63.987270  4  1  4  84       
PG05  -6116.760430 -25831.726028   -460.669017   -235.969680  5  4  1  56       
PG06  15718.907580  -8029.862649  19959.610960   -551.163788  3  1  4  74       
PG07  25593.264282   6919.747947  -3024.953628   -215.424540  9  4  3  64       
PG08   4232.018327  16482.041434 -20483.972086    374.056073  3  3  5  74       
PG09  20358.341619  -2590.933431  16797.769463    701.497995  4  1  1  85       
PG10 -11749.831399  11261.357028 -20631.516761   -551.457624  2  2  1  75       
PG11   2919.350852 -15128.902030  21700.541300   -242.567072  4  4  4  89       
PG12 -10221.040312 -21665.162946  11180.347663   -604.184497  1  1  2  78       
PG13 -11430.061662 -22097.599624   9189.337233    428.945028  9  7  6  76       
PG14  14122.300245  -7879.330488 -20912.874891    750.225527  4  2  3  52       
PG15  -6609.948944 -15702.175281 -20936.711376    436.479491  5  4  4  63       
PG16   -950.229882  25826.909528   4640.935961    315.794767  6  3  2  68       
PG17  22928.394536 -12347.264051  -5563.180330   -188.025026  2  3  1  47       
PG18 -25438.027449  -5209.528433  -6225.720967   -280.469169  7  5  1  82       
PG19  18753.430905 -17540.732820   5455.857587    704.584768  3  1  2  46       
PG20   4596.710914 -19838.123149 -16999.187641    260.070948  4  6  3  64       
PG21   3473.655779 -24164.526426  10417.066130    383.255953  4  4  2  49       
PG22  11326.467771 -15770.020486 -17944.769448     57.733003  4  1  3  59       
PG23 -14943.656144  -1575.077915 -21850.877644    679.139030  6  4  3  77       
PG25 -15634.790310 -10828.902194  18249.597413    397.931587  4  4  4  88       
PG26  -5762.374086  20742.602260  15039.618653   -388.751937  3  4  3  52       
PG27  -7758.040580  20749.295959 -14697.726617      0.517633  4  1  4  82       
PG28 -17664.138173   7576.828420  18344.719758   -443.095604  2  5  5  70       
PG29 -19912.815020   -797.283212  17612.185004   -262.625675  2  2  2  77       
PG30  21713.204324  -3938.033578 -14749.345696    329.800674  6  3  1  57       
PG31  -8285.704213  12982.646249  21361.649454   -128.273960  5  4  1  69       
PG32 -20559.203107  16595.319419  -1163.799324    216.454746  2  1  3  58       
*  2026  8 14 11 15  0.00000000
PG01  18118.508833  15522.639034 -11773.802704    197.218884  5  4  2  60       
PG02  11902.929040  15194.715488 -18142.825360    156.949127  4  4  2  84       
PG03  11551.509480  21735.534424   9889.832634    323.418458  4  3  2  76       
PG04  11580.001233   9675.548297  21895.028153     63.987718  4  1  3  77       
PG05  -5891.636245 -25753.933027   2434.171715   -235.970118  5  4  2  64       
PG06  17744.945602  -7222.963194  18526.292822   -551.155237  4  1  4  66       
PG07  25754.505211   7239.749777   -216.797841   -215.427742  9  3  1  55       
PG08   2537.181846  17986.451230 -19418.273019    374.047246  3  3  5  62       
PG09  18979.335404  -1090.234947  18474.662249    701.490915  4  1  1  78       
PG10 -12289.335158   8853.157739 -21492.629794   -551.451957  1  3  1  70       
PG11   5243.810080 -14272.432762  21835.844296   -242.556045  4  4  5  84       
PG12 -10146.138145 -22859.339057   8647.209470   -604.183893  2  1  2  69       
PG13 -11414.328128 -23039.495128   6529.984873    428.949438  9  7  6  57       
PG14  14658.801688  -5488.053840 -21330.576474    750.225493  5  2  3  72       
PG15  -5159.269092 -17402.818694 -19948.137609    436.482102  5  3  4  73       
PG16  -1332.022409  25124.615161   7400.457264    315.800889  6  3  2  62       
PG17  22433.323037 -11641.983125  -8246.629604   -188.029673  2  3  1  51       
PG18 -25896.398507  -5580.305286  -3437.834636   -280.461140  7  5  2 104       
PG19  19318.438287 -17573.352693   2627.396424    704.585031  3  1  2  55       
PG20   6056.903008 -20977.619548 -15072.527238    260.080358  5  4  3  81       
PG21   3931.702462 -22897.298743  12839.466935    383.249870  4  3  2  62       
PG22  11711.113070 -13615.005001 -19352.737718     57.740484  4  1  3  74       
PG23 -15471.462032  -3986.616228 -21194.138554    679.142438  7  4  3  84       
PG25 -15952.764055 -12872.201523  16631.711008    397.928619  4  4  4  75       
PG26  -6588.932581  19022.485320  16872.285126   -388.753674  3  4  3  71       
PG27  -9030.740664  21610.405579 -12471.023844      0.518146  4  1  4  73       
PG28 -19539.491941   6865.919146  16646.040742   -443.085911  4  5  5  66       
PG29 -18333.013362  -2190.474131  19125.856263   -262.618609  2  2  1  59       
PG30  23164.249460  -3238.671361 -12608.027470    329.812215  7  3  1  72       
PG31 -10610.287484  12125.056563  20864.396704   -128.271154  5  4  1  77       
PG32 -20481.693889  16192.675730  -4027.521132    216.472254  2  1  3  42       
*  2026  8 14 11 30  0.00000000
PG01  16653.852425  15255.509090 -14057.636551    197.210490  4  4  2  71       
PG02   9708.951442  14947.268978 -19518.623886    156.955272  3  4  2  92       
PG03  11668.132610  22737.793246   7197.904228    323.400416  4  4  3  76       
PG04   9766.885046  11394.072468  21936.184147     63.988189  5  1  3  87       
PG05  -5560.206161 -25378.243221   5286.960094   -235.970690  4  4  2  62       
PG06  19639.891383  -6581.653028  16777.410014   -551.146677  4  1  4  71       
PG07  25628.187307   7466.565745   2595.070460   -215.430650  9  3  1  70       
PG08   1006.202396  19471.379248 -18019.558751    374.038422  3  2  4  80       
PG09  17563.359785    608.354720  19831.790095    701.483806  4  1  1  91       
PG10 -12982.561172   6406.844508 -21972.591159   -551.446290  1  3  1  88       
PG11   7605.347925 -13540.796305  21597.457716   -242.545145  4  4  5  82       
PG12 -10075.984448 -23763.128193   5963.570718   -604.182987  2  1  2  68       
PG13 -11354.755043 -23687.001501   3757.829634    428.953875  9  6  7  71       
PG14  15316.790027  -3103.216648 -21376.966954    750.225482  5  2  4  77       
PG15  -3867.396326 -19072.186638 -18631.700026    436.484855  5  3  4  46       
PG16  -1806.745753  24137.015380  10027.659140    315.806720  6  3  2  53       
PG17  21756.912266 -10709.780302 -10788.513081   -188.034239  2  3  1  57       
PG18 -26068.889599  -5839.107825   -591.775850   -280.453205  7  5  3  96       
PG19  19629.208994 -17425.362026   -247.917062    704.585219  3  1  2  61       
PG20   7294.918919 -22022.081953 -12885.639634    260.089598  5  4  4  77       
PG21   4520.349885 -21402.112402  15040.503383    383.243812  4  3  3  67       
PG22  12231.911198 -11339.295712 -20421.658535     57.748151  4  2  3  66       
PG23 -16107.299452  -6270.027781 -20171.940470    679.145801  7  4  2  92       
PG25 -16313.829085 -14700.373901  14722.261405    397.925618  4  4  3  82       
PG26  -7561.701184  17163.624016  18404.797554   -388.755401  3  4  2  62       
PG27 -10081.398100  22343.733223 -10029.112321      0.517829  4  1  4  69       
PG28 -21246.458331   6301.834185  14661.254585   -443.076180  5  5  5  74       
PG29 -16712.173831  -3765.797447  20311.279707   -262.611840  2  2  1  70       
PG30  24399.393646  -2674.028812 -10249.973256    329.823680  7  4  1  75       
PG31 -12897.016682  11409.043643  19999.962467   -128.268640  5  4  1  74       
PG32 -20202.154035  15552.683847  -6820.776302    216.489746  3  1  3  45       
*  2026  8 14 11 45  0.00000000
PG01  14940.990220  15001.236528 -16100.691443    197.202071  5  3  2  76       
PG02   7361.243852  14801.341954 -20553.640370    156.961747  3  4  2  92       
PG03  11745.230420  23432.927098   4381.942866    323.382379  5  4  3  37       
PG04   8059.336939  13197.107630  21600.671284     63.988601  5  2  3  88       
PG05  -5088.742975 -24724.819242   8048.245529   -235.970675  4  3  1  72       
PG06  21358.760638  -6093.976712  14742.889405   -551.138174  5  2  4  64       
PG07  25209.198497   7636.401936   5363.609196   -215.434163  9  2  2  72       
PG08   -346.694189  20893.692110 -16310.389380    374.029507  3  2  4  63       
PG09  16153.190105   2484.743471  20845.256541    701.476705  4  1  1  89       
PG10 -13822.244422   3975.313727 -22063.775957   -551.440697  1  3  1  90       
PG11   9956.431068 -12944.953184  20989.178921   -242.534155  4  4  6  80       
PG12  -9973.314883 -24367.814460   3176.459610   -604.182691  2  1  2  58       
PG13 -11213.584370 -24040.272295    920.806960    428.958245  9  5  7  71       
PG14  16084.410152   -771.452784 -21052.200873    750.225413  5  2  4  76       
PG15  -2742.908676 -20667.528355 -17008.047182    436.487596  5  3  4  57       
PG16  -2403.628986  22890.394292  12475.052556    315.812842  6  2  1  52       
PG17  20936.532478  -9540.375255 -13144.293398   -188.039093  3  2  1  55       
PG18 -25941.337469  -6021.264742   2264.291259   -280.445207  7  5  4  82       
PG19  19707.304232 -17066.816397  -3118.814331    704.585295  3  1  2  74       
PG20   8310.051138 -22928.924831 -10476.412894    260.098898  6  3  4  78       
PG21   5259.460888 -19716.913568  16982.295295    383.237662  5  3  3  88       
PG22  12893.880175  -8990.477129 -21131.432474     57.756041  4  2  3  60       
PG23 -16824.049602  -8383.571224 -18802.792081    679.149107  7  4  2  84       
PG25 -16684.511038 -16286.931083  12555.911733    397.922557  5  4  3  75       
PG26  -8683.000327  15210.882275  19610.304871   -388.757130  4  4  2  64       
PG27 -10914.857913  22908.713052  -7413.163647      0.517268  4  1  4  56       
PG28 -22744.883463   5867.088938  12424.493669   -443.066500  6  5  5  70       
PG29 -15093.545263  -5505.422350  21147.628191   -262.605461  1  1  1  80       
PG30  25387.818492  -2221.134979  -7716.268847    329.835174  7  4  1  70       
PG31 -15097.460833  10836.659336  18784.738983   -128.266143  5  4  2  72       
PG32 -19755.521926  14658.731264  -9494.361082    216.507219  3  1  3  70       
*  2026  8 14 12  0  0.00000000
PG01  13005.762113  14793.918515 -17867.871217    197.193525  5  3  2  70       
PG02   4904.430360  14774.501461 -21227.552006    156.967957  3  3  2  88       
PG03  11741.981223  23820.908225   1490.668624    323.364310  4  5  4  59       
PG04   6487.673636  15045.200209  20893.692582     63.989042  5  2  2  70       
PG05  -4448.542420 -23821.619912  10669.973587   -235.971028  4  3  2  67       
PG06  22860.848140  -5740.360972  12457.444322   -551.129645  5  1  4  60       
PG07  24500.576452   7786.286764   8043.139016   -215.437339  8  2  3  77       
PG08  -1515.080326  22209.473315 -14318.916136    374.020641  3  2  4  77       
PG09  14788.461954   4511.034318  21497.112607    701.469600  4  2  2  81       
PG10 -14792.503245   1609.578585 -21765.644047   -551.435085  1  3  1  92       
PG11  12248.671859 -12487.812781  20021.119114   -242.523251  4  5  6  78       
PG12  -9800.744779 -24673.632825    334.403639   -604.182106  2  1  2  67       
PG13 -10954.717399 -24108.170180  -1932.103366    428.962618  9  5  7  59       
PG14  16942.538189   1463.544823 -20362.913502    750.225422  5  2  4  77       
PG15  -1786.806883 -22145.943978 -15102.845962    436.490618  5  3  3  42       
PG16  -3146.265961  21418.457609  14698.265425    315.818759  6  2  1  65       
PG17  20012.350515  -8131.837523 -15272.228761   -188.044016  3  3  2  51       
PG18 -25508.027439  -6164.355137   5082.112075   -280.437213  7  5  5  80       
PG19  19581.181908 -16474.103298  -5934.158643    704.585685  3  2  2  55       
PG20   9109.961313 -23657.843205  -7886.532394    260.108174  6  2  4  83       
PG21   6161.667654 -17884.240340  18631.457097    383.231522  5  4  4  80       
PG22  13693.809393  -6617.592654 -21468.286742     57.763431  4  2  3  63       
PG23 -17588.531365 -10291.852027 -17111.057298    679.152469  7  4  3  82       
PG25 -17028.378598 -17613.495276  10171.521138    397.919536  5  4  3  86       
PG26  -9947.308687  13210.244753  20468.019287   -388.758839  4  4  2  61       
PG27 -11543.758677  23268.043175  -4667.874871      0.517695  5  1  3  56       
PG28 -24000.031605   5537.604182   9974.210744   -443.056821  7  4  5  68       
PG29 -13517.566957  -7383.815663  21620.014646   -262.598602  1  1  1  79       
PG30  26105.314638  -1851.907737  -5050.733916    329.846683  7  3  2  74       
PG31 -17164.946402  10401.782749  17241.248194   -128.263733  5  4  3  44       
PG32 -19180.734480  13502.591466 -12000.942717    216.524684  2  1  2  76       
*  2026  8 14 12 15  0.00000000
PG01  10881.059654  14663.172140 -19328.758783    197.185114  5  3  2  70       
PG02   2386.946992  14876.711602 -21526.301774    156.974339  3  3  3  91       
PG03  11619.201956  23910.967710  -1426.171173    323.346230  4  5  4  56       
PG04   5075.077074  16894.698481  19826.858330     63.989500  6  2  2  83       
PG05  -3617.267713 -22703.325019  13106.349469   -235.971667  5  3  2  82       
PG06  24111.167645  -5494.527715   9959.997813   -551.121003  5  2  4  63       
PG07  23513.350161   7952.521021  10589.991839   -215.440781  8  1  4  82       
PG08  -2500.448789  23375.677390 -12078.487635    374.011759  4  2  4  76       
PG09  13504.180364   6652.403682  21775.700330    701.462443  4  3  3  84       
PG10 -15869.446624   -643.062586 -21084.674094   -551.429414  1  2  1  91       
PG11  14434.504984 -12164.193797  18709.554043   -242.512316  4  5  6  84       
PG12  -9522.402492 -24689.601759  -2513.442941   -604.181621  2  1  2  66       
PG13 -10545.290434 -23907.812678  -4751.731444    428.967033  9  4  7  82       
PG14  17865.520514   3562.506005 -19322.034211    750.225424  5  3  5  75       
PG15   -992.590248 -23465.881728 -12946.486645    436.493306  5  2  3  50       
PG16  -4051.411572  19761.050990  16656.969666    315.824873  6  3  1  70       
PG17  19025.746798  -6490.947559 -17134.169697   -188.048706  3  3  3  65       
PG18 -24771.943515  -6306.601559   7814.112692   -280.429122  8  5  5  81       
PG19  19284.893287 -15631.055660  -8643.949985    704.585859  3  2  2  59       
PG20   9710.170703 -24172.394855  -5160.748182    260.117497  5  3  4  78       
PG21   7231.709073 -15949.670977  19959.669532    383.225443  4  3  4  90       
PG22  14620.229440  -4269.380373 -21425.123307     57.771174  4  2  3  75       
PG23 -18362.832899 -11966.954069 -15126.482652    679.155847  6  4  3  84       
PG25 -17307.593266 -18670.253373   7611.369925    397.916510  5  4  3  81       
PG26 -11341.343469  11207.098890  20963.574228   -388.760527  4  4  1  69       
PG27 -11987.919683  23389.257176  -1840.728680      0.517928  5  1  3  62       
PG28 -24983.825664   5283.811458   7352.520231   -443.047133  7  4  5  64       
PG29 -12020.391777  -9368.527194  21719.781377   -262.591925  2  1  1  81       
PG30  26535.111261  -1534.453182  -2299.155036    329.858187  7  3  3  77       
PG31 -19056.214176  10090.546669  15397.642035   -128.260951  4  4  3  68       
PG32 -18519.100430  12084.983893 -14295.966358    216.542191  2  1  2  87       
*  2026  8 14 12 30  0.00000000
PG01   8605.746517  14632.898485 -20458.139086    197.176758  5  3  2  81       
PG02   -140.645128  15109.801222 -21442.515343    156.980910  3  3  3  79       
PG03  11341.013812  23721.090663  -4318.656922    323.328241  4  4  4  61       
PG04   3836.837610  18699.308496  18418.024967     63.989875  6  2  2  76       
PG05  -2580.052343 -21410.001428  15314.672450   -235.970356  5  2  2  60       
PG06  25081.686383  -5324.665759   7293.040412   -551.112444  5  2  4  46       
PG07  22266.113961   8169.193107  12963.097430   -215.443999  7  1  4  76       
PG08  -3312.020578  24351.789238  -9627.144348    374.002944  4  2  4  67       
PG09  12329.419225   8868.260098  21675.883589    701.455312  4  4  3  83       
PG10 -17022.113993  -2740.684242 -20034.155227   -551.423859  2  2  1  84       
PG11  16468.843791 -11961.106655  17076.670745   -242.501371  5  5  7  78       
PG12  -9105.491087 -24433.028566  -5318.160160   -604.181297  3  1  2  30       
PG13  -9957.126124 -23463.810873  -7489.569020    428.971418  9  3  8  75       
PG14  18822.173937   5491.876737 -17948.491048    750.225391  5  3  4  65       
PG15   -346.606541 -24588.619923 -10573.716746    436.496331  5  2  3  36       
PG16  -5128.067220  17962.621473  18315.725568    315.830788  6  4  1  73       
PG17  18017.671717  -4633.221619 -18696.318137   -188.053633  3  3  3  50       
PG18 -23744.707920  -6485.245285  10414.157901   -280.421110  7  5  5  79       
PG19  18856.562305 -14529.759010 -11200.296620    704.585973  3  2  2  72       
PG20  10133.248989 -24441.442349  -2346.092384    260.126810  5  3  4  71       
PG21   8466.081257 -13960.167579  20944.161977    383.219430  4  3  4  82       
PG22  15653.733662  -1992.508188 -21001.735205     57.778691  4  3  3  69       
PG23 -19105.825767 -13389.278536 -12883.643883    679.159148  6  4  3  76       
PG25 -17484.500160 -19456.076042   4920.350286    397.913391  5  4  3  79       
PG26 -12844.468986   9244.564598  21089.240533   -388.762242  4  4  1  80       
PG27 -12273.431649  23246.143495   1018.833850      0.518467  4  1  3  54       
PG28 -25675.842814   5071.975925   4604.477069   -443.037497  8  4  5  68       
PG29 -10632.580036 -11421.253130  21444.684868   -262.585440  2  1  1  66       
PG30  26668.428722  -1234.498824    491.494985    329.869704  7  3  3  73       
PG31 -20732.928270   9882.076903  13287.108737   -128.258472  4  4  3  60       
PG32 -17812.575845  10415.779972 -16338.521570    216.559670  2  1  2  74       
*  2026  8 14 12 45  0.00000000
PG01   6223.354356  14720.275696 -21236.437171    197.168476  5  3  2  83       
PG02  -2627.465152  15467.272371 -20975.790490    156.987446  4  3  3  75       
PG03  10876.372797  23277.193447  -7137.536584    323.310244  3  4  4  47       
PG04   2779.907230  20411.771555  16691.023190     63.990289  6  2  2  76       
PG05  -1330.313516 -19985.561467  17256.123739   -235.971074  5  2  2  72       
PG06  25752.308776  -5194.817029   4501.931575   -551.103842  5  3  4  82       
PG07  20784.356821   8466.806604  15124.508793   -215.446726  7  2  4  72       
PG08  -3966.239151  25101.421835  -7007.004484    373.994114  4  1  4  34       
PG09  11286.263487  11113.639347  21199.160166    701.448167  5  4  3  85       
PG10 -18213.702817  -4648.152668 -18633.847211   -551.418231  2  1  1  97       
PG11  18310.653680 -11858.348359  15150.212768   -242.490450  6  5  7  72       
PG12  -8521.718311 -23928.713159  -8031.896341   -604.180501  3  2  2  55       
PG13  -9168.003917 -22807.232550 -10098.603646    428.975827  9  3  8  62       
PG14  19777.004110   7224.877566 -16266.816557    750.225380  6  3  5  79       
PG15    171.329334 -25479.683236  -8023.200269    436.498907  6  2  3  45       
PG16  -6376.900248  16070.489627  19644.717253    315.836878  6  4  1  83       
PG17  17027.006832  -2582.589389 -19929.929125   -188.058505  3  3  4  61       
PG18 -22446.212482  -6734.963046  12838.286776   -280.413055  7  4  5  74       
PG19  18336.716221 -13171.018853 -13558.328183    704.586497  3  2  2  75       
PG20  10407.734875 -24440.399240    508.939013    260.136169  4  4  3  83       
PG21   9853.014915 -11962.379167  21568.097544    383.213385  4  3  4  82       
PG22  16767.644052    170.116848 -20204.880061     57.786787  4  3  3  80       
PG23 -19774.801689 -14548.063221 -10421.323768    679.162583  6  4  4  82       
PG25 -17523.195828 -19978.307045   2145.141534    397.910426  5  4  3  84       
PG26 -14429.412595   7361.941540  20843.999937   -388.763849  5  4  1  82       
PG27 -12431.481032  22819.948068   3860.314052      0.518259  4  1  3  65       
PG28 -26064.027235   4865.685058   1777.305239   -443.027798  8  4  5  77       
PG29  -9378.015812 -13499.139149  20798.970545   -262.578322  3  1  1  62       
PG30  26504.738428   -916.904324   3273.838776    329.881238  7  2  3  87       
PG31 -22162.980526   9749.507403  10947.202842   -128.256090  5  4  4  66       
PG32 -17102.014069   8513.841243 -18092.146286    216.577193  2  1  2  84       
*  2026  8 14 13  0  0.00000000
PG01   3780.602375  14935.020475 -21650.063658    197.160016  4  3  3  83       
PG02  -5024.162272  15934.468609 -20132.841500    156.993473  4  3  3  92       
PG03  10200.408767  22612.018969  -9835.037373    323.292188  3  3  4  66       
PG04   1902.782133  21985.599374  14675.277402     63.990723  5  2  2  73       
PG05    129.760123 -18476.073825  18896.490524   -235.972882  6  1  2  74       
PG06  26111.572989  -5066.425190   1634.154642   -551.095329  5  4  4  46       
PG07  19099.575454   8871.061334  17039.868629   -215.450108  7  3  4  95       
PG08  -4485.964969  25593.785078  -4263.548209    373.985269  4  1  3  44       
PG09  10389.037168  13340.782091  20353.651460    701.440998  5  4  3  90       
PG10 -19403.028009  -6338.253330 -16909.523120   -551.412658  2  1  1  97       
PG11  19924.382452 -11829.388307  12963.027992   -242.479576  7  5  7  87       
PG12  -7748.541699 -23207.886895 -10608.661552   -604.179722  3  3  3  61       
PG13  -8162.700600 -21974.331668 -12534.120842    428.980242 10  4  8  77       
PG14  20691.591699   8742.290894 -14306.666091    750.225366  6  3  4  71       
PG15    587.062179 -26110.142224  -5336.999889    436.501600  6  1  3  54       
PG16  -7790.025720  14133.010071  20620.356903    315.842904  6  5  1  85       
PG17  16088.998833   -370.727649 -20811.934945   -188.063059  3  3  4  55       
PG18 -20903.955056  -7086.382942  15045.416923   -280.405048  6  4  5  86       
PG19  17766.542166 -11564.471209 -15677.028206    704.586622  4  3  2  78       
PG20  10566.832153 -24152.232607   3355.225240    260.145459  4  4  3  83       
PG21  11372.780529 -10000.969337  21820.854930    383.207344  5  3  5  85       
PG22  17928.997918   2180.891709 -19048.204008     57.794127  4  3  3  70       
PG23 -20327.168707 -15441.567718  -7781.833456    679.165915  5  5  4  75       
PG25 -17391.012826 -20252.240844   -666.613190    397.907367  5  4  3  89       
PG26 -16063.253737   5593.336953  20233.479437   -388.765505  5  5  1  82       
PG27 -12496.951485  22100.302300   6633.111804      0.518169  4  1  3  62       
PG28 -26145.092759   4627.445089  -1080.410973   -443.018156  8  4  5  69       
PG29  -8273.089251 -15556.275025  19793.333698   -262.571825  4  1  1  88       
PG30  26051.724920   -547.192187   6000.865574    329.892682  6  1  4  81       
PG31 -23321.543958   9661.224050   8419.117018   -128.253762  6  3  4  55       
PG32 -16425.464639   6406.491909 -19525.547048    216.594698  2  1  2  88       
*  2026  8 14 13 15  0.00000000
PG01   1325.795795  15278.947378 -21691.661251    197.151603  4  3  3  72       
PG02  -7284.730010  16489.105706 -18927.484880    157.000009  5  3  3  95       
PG03   9295.524908  21763.795537 -12365.637838    323.274155  3  3  4  60       
PG04   1195.721291  23376.799751  12405.320827     63.991172  5  2  2  73       
PG05   1789.069799 -16927.994143  20206.809881   -235.972957  6  1  3  66       
PG06  26157.034218  -4899.988668  -1261.464165   -551.086791  6  4  4  61       
PG07  17248.204454   9401.822626  18678.819974   -215.452997  6  3  4  94       
PG08  -4899.397896  25804.961422  -1444.811112    373.976442  3  1  3  62       
PG09   9643.848672  15500.832152  19153.968914    701.433838  4  4  3  86       
PG10 -20546.149146  -7792.487903 -14892.410691   -551.407082  3  1  1  94       
PG11  21281.192364 -11842.512124  10552.524973   -242.468688  8  6  6  75       
PG12  -6770.184380 -22306.931878 -13005.069187   -604.179105  4  3  3  73       
PG13  -6933.761193 -21005.094659 -14754.460896    428.984700 10  5  8  69       
PG14  21526.090683  10032.952253 -12102.260703    750.225433  6  3  4  57       
PG15    930.992495 -26457.746201  -2559.981042    436.504427  7  1  3  57       
PG16  -9351.160905  12197.703689  21225.740490    315.848729  6  5  1  92       
PG17  15233.833749   1963.931458 -21325.471821   -188.067811  3  2  3  66       
PG18 -19152.104165  -7564.753872  16998.008656   -280.396964  5  4  4  75       
PG19  17186.145960  -9728.336005 -17519.967621    704.586458  4  3  3  58       
PG20  10646.933338 -23568.183859   6143.865885    260.154758  5  5  3  82       
PG21  12998.309636  -8117.032478  21698.202800    383.201321  5  4  5  84       
PG22  19099.816225   4008.845085 -17552.013882     57.801883  4  4  3  77       
PG23 -20722.142666 -16076.922478  -5010.289501    679.169279  5  5  4  66       
PG25 -17059.866661 -20300.317551  -3467.113995    397.904304  5  4  3  77       
PG26 -17708.640631   3966.527237  19269.754073   -388.767198  5  4  1  83       
PG27 -12506.858078  21085.828486   9287.514830      0.517316  4  1  3  74       
PG28 -25924.600031   4320.322934  -3919.559245   -443.008503  8  4  5  87       
PG29  -7326.178410 -17545.324232  18444.764879   -262.565055  4  1  1  73       
PG30  25324.955799    -93.041565   8626.681633    329.904162  6  1  4  73       
PG31 -24191.840575   9582.282480   5746.913361   -128.251185  6  3  4  61       
PG32 -15816.594549   4128.644744 -20613.216322    216.612147  2  2  2 102       
*  2026  8 14 13 30  0.00000000
PG01  -1092.836766  15745.844075 -21360.247272    197.143201  3  3  4  75       
PG02  -9368.203355  17102.149547 -17380.457910    157.006357  6  3  3  98       
PG03   8152.219447  20774.712290 -14686.790453    323.256133  3  2  4  61       
PG04    641.294321  24545.524960   9920.212969     63.991540  4  3  2  70       
PG05   3627.825925 -15386.386601  21163.917639   -235.972106  6  1  3  78       
PG06  25895.319833  -4656.756024  -4135.561581   -551.078296  5  4  4  46       
PG07  15270.400114  10072.306939  20015.364358   -215.456251  5  4  3  84       
PG08  -5238.768111  25718.930019   1399.498082    373.967605  3  1  3  45       
PG09   9048.472009  17545.588305  17620.958945    701.426635  4  4  2  71       
PG10 -21598.096633  -9001.517442 -12618.549869   -551.401528  3  1  1  92       
PG11  22359.945614 -11862.180273   7960.045542   -242.457773  8  6  6  74       
PG12  -5578.387058 -21265.932852 -15181.016525   -604.178580  4  3  2  71       
PG13  -5481.971217 -19941.660639 -16721.718130    428.989127 10  6  8  68       
PG14  22240.780275  11093.932463  -9691.767066    750.225448  6  3  4  62       
PG15   1236.774855 -26507.842350    260.860954    436.507089  7  1  4  68       
PG16 -11036.144241  10309.445764  21450.943703    315.854600  6  6  2  84       
PG17  14485.415045   4377.483707 -21460.290682   -188.072791  3  2  3  61       
PG18 -17230.324494  -8188.817745  18662.680485   -280.388856  5  4  4  78       
PG19  16632.887462  -7688.829171 -19055.925219    704.586953  4  3  3  71       
PG20  10686.029254 -22688.180845   8827.017445    260.164040  6  5  4  88       
PG21  14696.108292  -6346.658817  21202.364350    383.195273  5  4  5  90       
PG22  20238.600577   5630.690615 -15742.900723     57.809503  4  4  3  62       
PG23 -20922.371273 -16469.651789  -2153.858519    679.172585  5  4  5  83       
PG25 -16507.418263 -20151.073352  -6209.182860    397.901260  5  4  3  81       
PG26 -19325.180663   2502.094671  17971.029018   -388.768898  5  4  1  75       
PG27 -12498.679982  19784.388167  11775.695776      0.517378  4  2  3  71       
PG28 -25416.705476   3909.569600  -6691.340848   -442.998843  8  4  5  79       
PG29  -6537.452649 -19419.225965  16776.280235   -262.558518  5  1  1  71       
PG30  24347.275126    474.309080  11107.230845    329.915632  6  1  5  82       
PG31 -24765.601307   9475.940654   2976.730951   -128.248583  6  3  4  46       
PG32 -15303.300282   1721.615238 -21335.930498    216.629690  2  2  3  91       
*  2026  8 14 13 45  0.00000000
PG01  -3428.804294  16321.668791 -20661.248767    197.134797  2  3  5  67       
PG02 -11240.159954  17739.008041 -15519.067781    157.012800  6  4  4  83       
PG03   6769.602089  19689.269556 -16759.586384    323.238121  3  2  4  79       
PG04    215.238624  25457.577129   7262.868445     63.991947  3  3  3  59       
PG05   5618.119401 -13893.208809  21750.889272   -235.973156  6  1  3  60       
PG06  25341.853380  -4300.399709  -6939.056273   -551.069831  5  4  4  80       
PG07  13208.717153  10888.505426  21028.170629   -215.459702  4  4  2  87       
PG08  -5538.848024  25328.290491   4218.936769    373.958735  3  2  4  66       
PG09   8592.568636  19429.239947  15781.330911    701.419504  3  4  1  72       
PG10 -22514.626419  -9965.243475 -10128.084538   -551.396009  2  2  2  86       
PG11  23147.904038 -11850.549298   5230.163248   -242.446892  8  6  6 101       
PG12  -4172.872226 -20127.118213 -17100.297197   -604.178017  4  4  3  72       
PG13  -3816.512944 -18826.676822 -18402.371862    428.993540  9  6  8  57       
PG14  22797.611382  11930.409357  -7116.626836    750.225413  6  3  4  56       
PG15   1539.861256 -26254.038796   3077.146840    436.509923  7  1  4  41       
PG16 -12813.792710   8508.790408  21293.153116    315.860383  6  6  2  81       
PG17  13860.402085   6822.079238 -21213.035919   -188.077527  3  2  3  70       
PG18 -15182.404280  -8969.927039  20010.767468   -280.380795  5  4  4  72       
PG19  16139.861039  -5479.263923 -20259.385541    704.587072  4  3  4  62       
PG20  10722.066975 -21520.926284  11358.707165    260.173354  7  6  4  71       
PG21  16427.427634  -4719.702619  20341.971518    383.189281  5  4  5  79       
PG22  21301.994341   7031.558995 -13653.222797     57.816923  4  4  3  41       
PG23 -20895.431503 -16642.892192    739.019030    679.175876  5  4  5  52       
PG25 -15718.013804 -19837.891538  -8847.003924    397.898207  4  4  4  72       
PG26 -20870.944878   1212.867516  16361.214345   -388.770555  5  4  2  71       
PG27 -12508.664320  18212.954810  14052.689436      0.517075  4  2  3  68       
PG28 -24643.591611   3364.161657  -9348.107254   -442.989158  8  5  5  89       
PG29  -5899.006904 -21132.903230  14816.539722   -262.552017  5  1  1  33       
PG30  23147.945076   1178.800445  13400.977667    329.927143  6  2  5  84       
PG31 -25043.208290   9305.244699    155.985045   -128.246203  6  2  4  64       
PG32 -14906.570641   -768.326765 -21681.115723    216.647166  2  3  4  94       
*  2026  8 14 14  0  0.00000000
PG01  -5638.949775  16985.063778 -19606.428333    197.126340  2  2  5  61       
PG02 -12873.954034  18360.986912 -13376.675933    157.019131  6  5  3  78       
PG03   5155.588986  18552.565698 -18549.355486    323.220139  3  3  4  64       
PG04   -112.407003  26085.709859   4479.308535     63.992358  2  3  3  53       
PG05   7724.823907 -12485.730162  21957.362301   -235.973155  6  2  4  60       
PG06  24520.256504  -3798.604652  -9623.968795   -551.061394  5  4  4  61       
PG07  11106.719301  11848.860497  21700.836868   -215.462652  3  4  2  76       
PG08  -5835.347424  24634.649801   6963.302627    373.949868  3  2  4  65       
PG09   8258.240608  21110.017442  13667.175337    701.412296  2  3  1  79       
PG10 -23253.934367 -10692.533429  -7464.506186   -551.390448  3  3  2  77       
PG11  23641.114513 -11769.096658   2409.918953   -242.436021  7  6  5 114       
PG12  -2561.507656 -18933.248921 -18731.140311   -604.177207  4  4  3  79       
PG13  -1954.800440 -17701.652341 -19767.839714    428.997950  9  7  8  55       
PG14  23161.690084  12555.239036  -4420.847685    750.225387  6  3  3  69       
PG15   1875.940787 -25698.576411   5839.925178    436.512483  7  2  4  66       
PG16 -14647.055580   6830.503430  20756.634046    315.866375  6  6  3  61       
PG17  13367.554945   9247.631046 -20587.379417   -188.082001  4  2  3  59       
PG18 -13054.732887  -9911.442114  21018.814039   -280.372712  5  4  3  62       
PG19  15734.580997  -3138.884173 -21110.909307    704.587614  3  3  3  71       
PG20  10791.320022 -20083.660022  13695.610711    260.182669  7  6  5  79       
PG21  18149.646650  -3258.799897  19131.910125    383.183180  5  4  5  84       
PG22  22246.535231   8205.377232 -11320.461307     57.824248  4  4  3  38       
PG23 -20615.146502 -16626.338155   3619.414921    679.179219  5  4  4  64       
PG25 -14683.373038 -19397.604239 -11336.817941    397.895177  4  4  4  83       
PG26 -22304.024296    103.678076  14469.407584   -388.772247  4  4  2  62       
PG27 -12570.177310  16397.109982  16077.321671      0.516077  4  3  3  61       
PG28 -23634.600763   2658.200558 -11844.177398   -442.979474  7  5  5  77       
PG29  -5395.322871 -22644.909627  12599.358574   -262.545441  5  1  1  23       
PG30  21761.568664   2038.476324  15469.545429    329.938547  6  3  5  88       
PG31 -25033.521815   9034.606953  -2667.428417   -128.243702  6  2  4  52       
PG32 -14639.649010  -3291.606707 -21643.072829    216.664648  2  3  4  82       
*  2026  8 14 14 15  0.00000000
PG01  -7684.921012  17708.166412 -18213.700603    197.117961  2  2  5  81       
PG02 -14251.623764  18926.944614 -10992.029352    157.025545  7  5  3  87       
PG03   3326.771497  17408.583081 -20026.195792    323.202155  4  3  4  84       
PG04   -375.936820  26410.672805   1617.848961     63.992719  2  4  3  30       
PG05   9906.794083 -11195.148457  21779.732523   -235.972251  5  1  4  63       
PG06  23461.449781  -3124.510717 -12144.229945   -551.052829  4  4  4  75       
PG07   9007.565717  12944.203980  22022.106822   -215.465697  1  3  2  78       
PG08  -6163.261071  23648.650482   9583.618097    373.941025  3  2  3  60       
PG09   8020.891969  22551.691433  11315.382149    701.405121  2  2  1  57       
PG10 -23778.265568 -11200.610325  -4673.866383   -551.384836  3  3  2  79       
PG11  23844.463670 -11580.285347   -451.993443   -242.425140  7  5  4  84       
PG12   -760.166999 -17726.014269 -20046.672591   -604.176626  3  4  2  50       
PG13     77.999715 -16605.373109 -20794.945457    429.002358  9  7  8  42       
PG14  23302.644139  12988.247182  -1650.267665    750.225384  6  3  3  54       
PG15   2279.334426 -24852.383374   8500.538885    436.515478  6  2  4  81       
PG16 -16494.409310   5302.363879  19852.542432    315.872432  6  7  4  75       
PG17  13007.418313  11603.634221 -19594.001502   -188.087257  4  2  3  63       
PG18 -10894.682629 -11008.433288  21668.993129   -280.364659  5  4  4  59       
PG19  15437.920813   -711.482757 -21597.375631    704.587642  3  3  3  78       
PG20  10926.833845 -18401.605031  15797.781190    260.192017  8  7  5  84       
PG21  19817.814172  -1978.672240  17593.058957    383.177135  5  4  5  79       
PG22  23030.422288   9154.880008  -8786.466411     57.832259  4  4  3  50       
PG23 -20062.675130 -16454.955921   6438.698687    679.182541  5  3  4  80       
PG25 -13403.006991 -18868.997857 -13637.565339    397.892155  3  4  4  63       
PG26 -23584.075955   -828.560164  12329.300041   -388.773924  4  3  3  50       
PG27 -12712.178089  14370.180648  17813.062114      0.515980  4  3  3  67       
PG28 -22425.105468   1772.114909 -14136.621622   -442.969720  7  5  5  84       
PG29  -5004.039733 -23918.949191  10163.119938   -262.538652  6  1  1  55       
PG30  20226.833196   3064.630440  17278.303958    329.950010  6  4  6  88       
PG31 -24753.405548   8631.317620  -5445.911126   -128.241092  7  2  4  70       
PG32 -14507.529806  -5797.126100 -21223.057033    216.682110  2  4  5  88       
*  2026  8 14 14 30  0.00000000
PG01  -9534.459291  18457.687843 -16506.841139    197.109531  3  3  5  59       
PG02 -15364.428697  19395.070418  -8408.457299    157.031795  6  6  3  55       
PG03   1307.965259  16298.534845 -21165.427834    323.184180  4  3  4  70       
PG04   -612.435088  26421.956023  -1271.760729     63.993156  1  4  3  55       
PG05  12118.311727 -10045.461317  21221.219457   -235.973840  5  2  4  65       
PG06  22202.484767  -2257.952959 -14456.464734   -551.044335  4  4  4  64       
PG07   6952.615630  14157.959060  21986.041016   -215.468702  1  3  2  78       
PG08  -6555.241458  22389.634959  12033.099228    373.932185  3  2  3  70       
PG09   7850.362611  23724.861603   8766.970899    701.397954  1  2  2  68       
PG10 -24055.360300 -11514.138530  -1803.973659   -551.379218  3  4  2  68       
PG11  23771.398407 -11249.202317  -3306.076754   -242.414242  7  4  3  87       
PG12   1207.704219 -16544.491725 -21025.301131   -604.175986  3  4  2  64       
PG13   2249.743364 -15572.437554 -21466.295095    429.006791  8  8  8  72       
PG14  23195.823764  13255.270390   1148.195987    750.225347  5  3  3  65       
PG15   2781.409470 -23734.797982  11011.531479    436.518127  5  2  4  39       
PG16 -18311.428753   3944.279921  18598.593172    315.878069  6  7  4  51       
PG17  12772.361709  13841.017934 -18250.415426   -188.091602  4  2  3  72       
PG18  -8748.953059 -12247.702220  21949.443599   -280.356586  5  4  4  69       
PG19  15263.342441   1756.136038 -21712.099014    704.588016  3  3  3  73       
PG20  11157.006297 -16507.118947  17629.318067    260.201310  8  7  6  77       
PG21  21386.291107   -885.742371  15751.927513    383.171063  5  4  5  84       
PG22  23615.219905   9891.255536  -6096.614716     57.839960  4  4  3  63       
PG23 -19227.335751 -16167.513948   9149.312636    679.185883  5  3  4  76       
PG25 -11884.355422 -18291.276405 -15711.474059    397.889024  3  4  4  74       
PG26 -24673.799279  -1594.467933   9978.523054   -388.775603  4  3  4  44       
PG27 -12957.885673  12172.053190  19228.774856      0.515978  4  3  3  68       
PG28 -21055.159236    693.618585 -16185.998910   -442.960031  7  4  5  81       
PG29  -4697.004244 -24925.208198   7550.099038   -262.532099  5  1  1  34       
PG30  18585.119565   4261.205824  18796.901047    329.961533  6  5  6  87       
PG31 -24226.973827   8066.936057  -8132.913584   -128.238503  6  1  4  58       
PG32 -14506.808520  -8234.098955 -20429.212593    216.699579  3  4  5  89       
*  2026  8 14 14 45  0.00000000
PG01 -11162.455993  19196.218412 -14515.091451    197.101183  2  3  5  24       
PG02 -16212.992636  19724.702879  -5672.957868    157.038328  6  6  2  68       
PG03   -868.543119  15259.331266 -21947.969923    323.166260  4  4  3  85       
PG04   -860.117802  26118.202809  -4139.229253     63.993589  2  5  3  61       
PG05  14310.721612  -9052.638140  20291.799648   -235.974053  4  2  4  75       
PG06  20785.149887  -1186.450580 -16520.739047   -551.035821  4  4  4  56       
PG07   4980.093348  15466.601759  21592.141221   -215.471996  1  3  2  76       
PG08  -7040.069301  20884.957829  14268.082618    373.923413  3  3  3  80       
PG09   7712.287675  24607.984198   6066.346922    701.390792  2  1  3  26       
PG10 -24059.686584 -11664.047257   1096.411310   -551.373667  3  4  2  64       
PG11  23443.322055 -10745.105161  -6102.900224   -242.403318  7  4  3  68       
PG12   3311.799186 -15423.724604 -21651.015372   -604.175308  3  4  1  65       
PG13   4522.349878 -14631.968040 -21770.556348    429.011202  8  8  8  64       
PG14  22823.294602  13386.985626   3927.303240    750.225352  5  3  2  73       
PG15   3409.081264 -22372.958573  13327.573955    436.520959  5  2  4  56       
PG16 -20052.463966   2767.748449  17018.601416    315.884156  5  7  5  75       
PG17  12646.976468  15913.949343 -16580.637424   -188.097085  4  2  3  67       
PG18  -6661.938180 -13608.125899  21854.518428   -280.348506  5  4  5  86       
PG19  15216.438632   4215.786349 -21454.827111    704.588295  2  3  3  69       
PG20  11504.357360 -14438.583907  19158.965771    260.210624  8  7  6  80       
PG21  22810.430096     21.924985  13640.198716    383.165017  5  4  5  75       
PG22  23967.425293  10433.445391  -3298.901960     57.847597  4  5  3  62       
PG23 -18107.135269 -15804.984226  11705.526992    679.189205  5  3  3  83       
PG25 -10142.643724 -17702.536351 -17524.589656    397.886008  3  4  4  61       
PG26 -25540.288355  -2211.531098   7457.949902   -388.777266  3  3  4  73       
PG27 -13323.700522   9847.716038  20299.344840      0.516162  4  3  3  85       
PG28 -19567.979411   -581.613268 -17957.034812   -442.950272  7  4  5  96       
PG29  -4441.558222 -25641.445065   4805.711469   -262.525708  5  2  2  53       
PG30  16879.026565   5624.467783  19999.732795    329.973006  5  5  5  77       
PG31 -23484.593184   7318.513384 -10683.650823   -128.235988  6  1  3  72       
PG32 -14625.888562 -10553.866769 -19276.366967    216.717021  3  4  5  80       
*  2026  8 14 15  0  0.00000000
PG01 -12551.735861  19883.709829 -12272.665791    197.092741  3  4  5  71       
PG02 -16807.047679  19878.104000  -2835.203329    157.044594  6  6  3  72       
PG03  -3164.024358  14322.219912 -22360.631207    323.148300  4  4  3  84       
PG04  -1156.626625  25507.273317  -6934.629181     63.993930  3  5  4  68       
PG05  16434.190474  -8224.125419  19008.009786   -235.972646  4  3  4  75       
PG06  19254.401696     94.095598 -18301.256194   -551.027341  3  4  4  62       
PG07   3123.854943  16840.371208  20845.425393   -215.474990  1  2  3  79       
PG08  -7641.290252  19168.974810  16248.885256    373.914565  3  3  3  65       
PG09   7569.626500  25188.098512   3260.498857    701.383642  3  1  4  53       
PG10 -23773.418719 -11686.141303   3978.370026   -551.368154  3  3  2  63       
PG11  22888.689047 -10042.814679  -8793.972862   -242.392425  6  3  3  67       
PG12   5515.910108 -14393.466433 -21913.607561   -604.174678  3  4  1  73       
PG13   6853.070181 -13806.545901 -21702.638188    429.015641  8  8  7  60       
PG14  22174.588678  13417.572554   6640.243152    750.225330  5  3  2  66       
PG15   4183.470013 -20800.874177  15406.389586    436.523494  4  2  4  68       
PG16 -21672.350005   1775.671109  15141.916142    315.890213  5  7  5  68       
PG17  12608.812789  17781.510165 -14614.709969   -188.101595  3  2  3  41       
PG18  -4674.177362 -15061.314837  21384.936669   -280.340524  5  4  5  59       
PG19  15294.797862   6619.558798 -20831.627578    704.588809  2  2  3  68       
PG20  11984.534899 -12239.077034  20360.633035    260.219900  8  7  6  77       
PG21  24048.228427    754.355741  11294.184422    383.158986  5  4  5  74       
PG22  24059.833312  10807.133564   -442.995967     57.854999  3  5  3  85       
PG23 -16708.984711 -15408.872819  14064.166165    679.192589  5  4  3  81       
PG25  -8200.467719 -17138.304722 -19047.246027    397.882994  2  5  4  85       
PG26 -26156.212391  -2703.179924   4810.968190   -388.778978  3  3  4  74       
PG27 -13818.429634   7445.596244  21006.162376      0.516278  5  2  3  87       
PG28 -18008.320535  -2049.577320 -19419.228465   -442.940572  6  4  4  95       
PG29  -4202.011443 -26053.794092   1977.700223   -262.518819  5  2  3  61       
PG30  15150.861970   7142.962445  20866.348140    329.984473  4  5  5  79       
PG31 -22561.677836   6369.605501 -13055.776033   -128.233657  6  1  3  67       
PG32 -14845.532216 -12711.617149 -17785.692941    216.734462  4  4  4  81       
*  2026  8 14 15 15  0.00000000
PG01 -13693.536059  20479.076770  -9818.167396    197.084305  2  4  5  73       
PG02 -17164.795633  19822.107568     53.503969    157.051155  5  6  3  67       
PG03  -5534.573357  13511.647593 -22396.319812    323.130315  4  4  3  81       
PG04  -1537.344773  24605.955647  -9609.297456     63.994426  4  6  4  63       
PG05  18439.517752  -7558.704027  17392.624769   -235.974013  3  3  4  76       
PG06  17656.680202   1579.026746 -19766.990819   -551.018826  3  3  4  61       
PG07   1412.296334  18244.211360  19756.448706   -215.478346  2  2  3  83       
PG08  -8376.078560  17281.752463  17940.574277    373.905638  3  3  3  80       
PG09   7384.298508  25461.225073    398.154051    701.376409  4  2  4  47       
PG10 -23187.131499 -11619.554105   6793.599697   -551.362535  3  3  1  87       
PG11  22141.833275  -9123.896750 -11332.603661   -242.381556  6  3  3  63       
PG12   7779.103540 -13477.134612 -21808.811397   -604.174296  4  4  1  60       
PG13   9195.934273 -13111.409429 -21263.768412    429.020069  7  9  7  38       
PG14  21247.187841  13383.258550   9241.372235    750.225299  4  4  2  49       
PG15   5118.777077 -19058.204987  17209.650998    436.526229  4  3  4  69       
PG16 -23128.078825    962.523095  13002.766916    315.896141  5  6  6  73       
PG17  12629.423722  19409.172423 -12388.091066   -188.106378  3  2  3  58       
PG18  -2820.948811 -16572.565245  20547.833035   -280.332473  4  5  5  62       
PG19  15488.188597   8921.444159 -19854.673871    704.588896  2  3  3  65       
PG20  12605.594157  -9954.871927  21213.825403    260.229193  8  6  6  78       
PG21  25061.891033   1329.083957   8754.202937    383.152921  5  5  5  74       
PG22  23872.643222  11043.473453   2420.724918     57.862644  3  4  3  71       
PG23 -15048.593408 -15019.540179  16185.297551    679.195973  5  4  2  84       
PG25  -6087.122912 -16630.188920 -20254.475679    397.879891  2  5  4  70       
PG26 -26500.784702  -3097.657400   2082.736207   -388.780723  2  3  4  74       
PG27 -14442.848925   5015.765062  21337.453765      0.516772  5  2  3  85       
PG28 -16420.800704  -3697.899386 -20547.378370   -442.930873  5  3  4  93       
PG29  -3941.240057 -26157.250423   -884.722302   -262.512380  5  2  3  61       
PG30  13441.153184   8797.763485  21381.783060    329.995925  4  5  5  88       
PG31 -21497.324534   5211.043698 -15210.006811   -128.231450  6  1  3  84       
PG32 -15139.728096 -14667.936792 -15984.250666    216.751910  4  4  4  70       
*  2026  8 14 15 30  0.00000000
PG01 -14587.661894  20941.855277  -7193.923740    197.075887  2  5  5 106       
PG02 -17311.921899  19529.567759   2941.292406    157.057648  4  6  3  70       
PG03  -7932.570193  12844.384477 -22054.163781    323.112314  4  5  3  87       
PG04  -2033.803800  23439.335712 -12116.712334     63.994790  4  6  4  79       
PG05  20279.924836  -7046.702071  15474.218841   -235.973928  3  3  4  71       
PG06  16038.172004   3254.888452 -20892.248211   -551.010318  3  3  4  69       
PG07   -132.559878  19638.920058  18341.264775   -215.481679  2  2  3  71       
PG08  -9254.377519  15267.555860  19313.626994    373.896821  4  3  3  82       
PG09   7118.859536  25432.421794  -2471.091060    701.369231  4  3  4  48       
PG10 -22300.190469 -11505.101716   9495.157351   -551.357015  4  3  1  73       
PG11  21241.576202  -7977.585121 -13674.732009   -242.370668  5  3  4  65       
PG12  10057.069403 -12691.008733 -21338.358828   -604.173544  4  4  1  80       
PG13  11503.324360 -12553.944254 -20461.468639    429.024473  7  9  6  68       
PG14  20046.723545  13320.799627  11686.930871    750.225309  4  4  2  70       
PG15   6221.438018 -17188.796953  18703.821991    436.529173  5  3  3  70       
PG16 -24380.367298    314.856199  10639.545193    315.902229  5  6  6  69       
PG17  12675.668367  20770.009660  -9940.927172   -188.111135  2  2  3  51       
PG18  -1131.060423 -18102.073425  19356.700154   -280.324467  4  5  5  45       
PG19  15779.047823  11078.863969 -18541.940757    704.589000  2  3  3  58       
PG20  13367.578250  -7633.827537  21703.984644    260.238505  7  5  6  75       
PG21  25819.243831   1770.277572   6063.889034    383.146846  4  5  4  55       
PG22  23394.264984  11177.612115   5242.123685     57.870259  3  4  2  73       
PG23 -13150.044744 -14674.572066  18032.874525    679.199388  5  5  2  82       
PG25  -3837.702150 -16204.682543 -21126.358628    397.876861  2  5  4  67       
PG26 -26560.489560  -3426.723361   -680.564661   -388.782397  2  3  4  67       
PG27 -15189.619790   2608.093045  21288.452072      0.517030  5  2  3  57       
PG28 -14848.245239  -5506.118673 -21322.017920   -442.921085  5  3  4  89       
PG29  -3622.345244 -25955.816713  -3731.759916   -262.505924  4  2  3  54       
PG30  11787.229822  10563.000131  21536.820018    330.007418  3  5  4  78       
PG31 -20332.835957   3841.438503 -17110.699727   -128.228548  6  1  3  86       
PG32 -15476.834328 -16390.138281 -13904.424221    216.769346  4  5  3  69       
*  2026  8 14 15 45  0.00000000
PG01 -15242.312821  21233.852851  -4445.252216    197.067456  4  5  5 111       
PG02 -17280.313588  18980.546041   5776.766797    157.064317  3  6  3  67       
PG03 -10308.284277  12328.942008 -21339.542873    323.094388  3  5  3  79       
PG04  -2672.246506  22039.851384 -14413.328729     63.995206  5  6  4  78       
PG05  21912.751023  -6670.551943  13286.620608   -235.974488  2  4  4  76       
PG06  14443.087731   5099.736873 -21657.137812   -551.001791  3  3  4  51       
PG07  -1495.764825  20982.474541  16621.320056   -215.484801  3  2  3  79       
PG08 -10278.353032  13173.181237  20344.465715    373.887958  4  3  3  83       
PG09   6738.151099  25115.498309  -5297.648384    701.362086  4  4  4  70       
PG10 -21120.829295 -11383.597728  12038.167503   -551.351465  4  2  1  70       
PG11  20229.669914  -6601.407049 -15779.712024   -242.359750  5  3  4  66       
PG12  12303.596952 -12043.700709 -20509.955039   -604.172812  4  4  2  67       
PG13  13727.615179 -12133.484673 -19309.427387    429.028907  6  9  6  46       
PG14  18586.886468  13265.952165  13935.729839    750.225323  4  4  2  71       
PG15   7489.598770 -15239.028840  19860.916058    436.531972  4  4  3  80       
PG16 -25395.062918   -187.895385   8094.040850    315.908272  5  6  7  80       
PG17  12711.214521  21845.593007  -7317.231113   -188.116555  2  1  3  58       
PG18    374.113452 -19606.369815  17831.219996   -280.316410  3  6  5  66       
PG19  16143.248370  13054.055126 -16916.820603    704.589593  2  3  3  60       
PG20  14262.415609  -5323.724797  21822.730260    260.247785  7  4  6  73       
PG21  26294.943372   2107.606855   3269.448060    383.140750  4  5  4  75       
PG22  22621.797271  11247.078271   7972.224599     57.878205  2  4  2  74       
PG23 -11045.067351 -14407.260343  19575.325490    679.202758  5  5  2  74       
PG25  -1491.992239 -15882.166202 -21648.308883    397.873854  3  4  4  69       
PG26 -26329.545674  -3724.245147  -3432.470989   -388.784130  1  2  4  69       
PG27 -16043.559294    270.436052  20861.408136      0.516650  5  2  3  75       
PG28 -13330.111252  -7446.289023 -21729.753196   -442.911314  4  2  3  80       
PG29  -3210.304400 -25462.305959  -6513.927775   -262.499105  3  2  4  80       
PG30  10221.928563  12406.650136  21328.168289    330.018902  3  4  3  84       
PG31 -19110.184544   2267.401481 -18726.369685   -128.226060  5  3  2  76       
PG32 -15820.945974 -17853.311241 -11583.269295    216.786799  4  4  3  51       
*  2026  8 14 16  0  0.00000000
PG01 -15673.585236  21320.724692  -1619.669248    197.059040  4  5  5  72       
PG02 -17106.546475  18163.189228   8510.009776    157.070747  3  5  3  59       
PG03 -12611.565583  11965.306401 -20264.029661    323.076423  3  5  4  82       
PG04  -3472.404548  20446.069448 -16459.355106     63.995608  5  6  4  69       
PG05  23300.988971  -6405.665935  10868.274981   -235.974682  1  4  4  65       
PG06  12912.020475   7083.780271 -22047.950811   -550.993252  2  2  4  78       
PG07  -2669.901514  22231.495637  14623.273488   -215.487672  3  3  3  61       
PG08 -11442.181531  11046.206895  21015.856580    373.879093  4  3  3  86       
PG09   6210.856853  24532.402400  -8032.806609    701.354888  4  4  4  39       
PG10 -19665.915721 -11294.188803  14380.487637   -551.345826  4  2  1  51       
PG11  19149.137051  -5001.485617 -17611.035488   -242.348835  4  3  4  74       
PG12  14472.126916 -11535.915039 -19337.171759   -604.172115  4  4  2  88       
PG13  15822.820637 -11841.432925 -17827.273186    429.033290  6  9  5  64       
PG14  16889.049269  13251.990422  15949.799379    750.225262  3  5  2  78       
PG15   8912.947145 -13256.041680  20659.144600    436.534652  4  4  3  80       
PG16 -26144.338174   -572.348494   5410.653256    315.914165  4  6  7  72       
PG17  12698.172447  22626.537094  -4563.989050   -188.120884  2  1  3  53       
PG18   1681.309181 -21039.920501  15996.982895   -280.308350  3  7  4  52       
PG19  16551.110644  14815.262681 -15007.671321    704.590047  2  3  3  63       
PG20  15274.138446  -3070.613147  21567.999608    260.257109  7  3  5  63       
PG21  26471.436525   2374.899925    418.866646    383.134725  4  6  4  56       
PG22  21561.164516  11290.104207  10564.081759     57.886078  1  4  2  64       
PG23  -8772.026097 -14245.249415  20786.081048    679.206074  4  5  2  88       
PG25    906.794191 -15676.136382 -21811.297117    397.870845  3  5  4  75       
PG26 -25810.094682  -4024.727696  -6126.962889   -388.785890  1  2  4  74       
PG27 -16982.246677  -1953.069953  20065.447638      0.516344  5  2  3  65       
PG28 -11901.053619  -9483.875075 -21763.497150   -442.901599  4  2  3  90       
PG29  -2673.547484 -24697.809194  -9182.938817   -262.492394  3  3  4  71       
PG30   8772.467099  14291.572357  20758.560882    330.030372  2  4  3  81       
PG31 -17870.469692    503.478756 -20030.151045   -128.223438  5  3  2  67       
PG32 -16133.427119 -19041.061353  -9061.789757    216.804234  5  5  2  61       
*  2026  8 14 16 15  0.00000000
PG01 -15904.671617  21173.413413   1233.942756    197.050595  5  5  5  74       
PG02 -16830.213893  17074.268073  11093.513648    157.076961  3  5  3  58       
PG03 -14793.563403  11744.998952 -18845.238801    323.058419  3  5  4  72       
PG04  -4446.540242  18701.235165 -18219.456600     63.996063  5  7  4  73       
PG05  24414.599795  -6221.591922   8261.526889   -235.975010  1  5  4  78       
PG06  11480.449555   9170.334384 -22057.433042   -550.984687  2  2  4  87       
PG07  -3655.276884  23342.806270  12378.733175   -215.491137  3  4  3  75       
PG08 -12732.177686   8933.237900  21317.166645    373.870205  4  3  2  77       
PG09   5510.905016  23712.305335 -10629.574583    701.347756  4  5  4  53       
PG10 -17960.417541 -11272.768388  16483.326807   -551.340288  4  2  1  58       
PG11  18042.573815  -3192.505686 -19136.979309   -242.337901  4  3  4  65       
PG12  16517.326390 -11160.508108 -17839.259067   -604.171543  4  4  3  71       
PG13  17746.185629 -11661.691696 -16040.250958    429.037728  6  9  5  49       
PG14  14981.615295  13308.323108  17694.993491    750.225230  3  5  2  76       
PG15  10472.914975 -11285.928854  21083.430569    436.537452  4  4  2  85       
PG16 -26607.635247   -869.893537   2635.594078    315.919809  4  5  7  79       
PG17  12598.786594  23112.677773  -1730.222016   -188.125689  2  1  2  45       
PG18   2785.735107 -22356.836053  13885.094746   -280.300289  3  8  4  80       
PG19  16968.617287  16337.703215 -12847.306313    704.589767  2  3  2  57       
PG20  16379.414324   -917.228637  20944.084561    260.266336  6  2  5  74       
PG21  26339.633414   2608.637788  -2438.906717    383.128618  3  6  3  77       
PG22  20226.915178  11343.951905  12973.580142     57.893025  1  4  2  79       
PG23  -6374.667085 -14209.398826  21644.031441    679.209464  4  5  2  72       
PG25   3313.410389 -15592.688622 -21612.007559    397.867877  3  4  4  75       
PG26 -25012.112514  -4361.836347  -8719.166554   -388.787627  1  2  4  70       
PG27 -17976.933582  -4023.534843  18916.285057      0.516045  5  2  3  61       
PG28 -10589.687385 -11578.909819 -21422.595996   -442.891913  4  2  3  87       
PG29  -1985.394571 -23690.850492 -11692.563689   -262.485840  3  3  4  57       
PG30   7459.528983  16176.744963  19836.763990    330.041876  3  4  3  90       
PG31 -16652.420861  -1428.200903 -21000.197633   -128.220925  5  3  2  71       
PG32 -16374.543061 -19945.914555  -6384.161304    216.821728  5  5  1  65       
*  2026  8 14 16 30  0.00000000
PG01 -15964.787819  20769.394586   4066.195097    197.042122  5  5  5  63       
PG02 -16492.174724  15719.362835  13483.022486    157.083642  3  5  3  58       
PG03 -16808.411387  11651.463225 -17106.583933    323.040356  3  5  4  79       
PG04  -5598.790821  16851.653305 -19663.371048     63.996515  5  7  4  91       
PG05  25231.557803  -6083.399605   5511.842839   -235.976040  1  5  3  86       
PG06  10177.448932  11317.057432 -21684.946050   -550.976118  2  3  5  82       
PG07  -4459.831192  24275.033750   9923.902238   -215.494454  3  4  2  36       
PG08 -14127.251796   6878.218506  21244.478276    373.861351  4  3  2  59       
PG09   4618.662372  22690.424418 -13043.484756    701.340568  4  5  4  61       
PG10 -16036.589201 -11350.522628  18311.813395   -551.334625  4  1  1  69       
PG11  16950.483671  -1197.343979 -20331.165136   -242.326988  4  3  4  62       
PG12  18396.631865 -10902.845693 -16040.876064   -604.170988  4  4  4  68       
PG13  19459.663733 -11571.393475 -13978.806153    429.042139  5  9  4  53       
PG14  12899.115319  13459.259108  19141.542297    750.225182  3  4  3  67       
PG15  12143.247710  -9371.969125  21125.767564    436.540317  4  4  2  76       
PG16 -26772.333939  -1115.261300   -183.903325    315.926215  3  5  7  94       
PG17  12377.111182  23312.881040   1133.972314   -188.130170  2  1  2  62       
PG18   3691.099006 -23512.621708  11531.675560   -280.292274  4  8  3  75       
PG19  17358.783875  17604.270003 -10472.435995    704.589893  2  3  2  78       
PG20  17548.371246   1098.457421  19961.564026    260.275585  6  3  4  84       
PG21  25899.267798   2846.347517  -5254.797464    383.122495  3  6  3  56       
PG22  18641.697281  11443.310730  15160.156554     57.900837  1  4  2  82       
PG23  -3900.659778 -14312.905532  22133.906643    679.212846  3  5  2  80       
PG25   5682.045618 -15630.273882 -21052.926571    397.864886  3  5  4  82       
PG26 -23953.050488  -4766.964426 -11166.027460   -388.789353  1  1  4  86       
PG27 -18993.712615  -5908.601300  17435.809388      0.515656  5  3  3  41       
PG28  -9417.594116 -13687.369936 -20712.845394   -442.882188  3  3  4  75       
PG29  -1125.296679 -22476.264446 -13999.447232   -262.479241  2  3  4  58       
PG30   6296.594637  18018.667587  18577.495296    330.053379  3  5  3  82       
PG31 -15490.997448  -3498.551823 -21620.018734   -128.218334  4  3  2  72       
PG32 -16505.125954 -20569.377954  -3596.920110    216.839303  5  5  1  71       
*  2026  8 14 16 45  0.00000000
PG01 -15887.871184  20093.678059   6828.062973    197.033725  5  5  4  78       
PG02 -16132.797497  14112.698893  15638.269660    157.089792  3  4  3  73       
PG03 -18614.817853  11660.767809 -15076.942448    323.022308  3  5  4  72       
PG04  -6924.840752  14944.965913 -20766.426902     63.996994  4  6  4  81       
PG05  25738.586572  -5953.239212   2666.987138   -235.976033  1  6  3  59       
PG06   9024.652180  13477.419036 -20936.511080   -550.967555  2  3  5  76       
PG07  -5098.756708  24990.199965   7299.127086   -215.497655  3  5  1  94       
PG08 -15599.672272   4920.881073  20800.564477    373.852461  4  2  2  50       
PG09   3521.874412  21506.630838 -15233.343219    701.333413  4  6  4  67       
PG10 -13932.908073 -11552.657587  19835.508476   -551.328973  4  2  1  74       
PG11  15909.707966    953.622565 -21173.020634   -242.316048  3  3  4  59       
PG12  20071.706217 -10741.447986 -13971.741054   -604.170236  4  5  4  78       
PG13  20931.225502 -11541.899322 -11678.082459    429.046557  5  9  4  64       
PG14  10681.082904  13722.967639  20264.545386    750.225141  3  4  3  75       
PG15  13890.919299  -7552.984311  20785.410117    436.543189  3  4  1  70       
PG16 -26634.127066  -1344.991840  -3000.355717    315.932205  3  4  7  74       
PG17  12000.598485  23244.499221   3978.372962   -188.135795  2  2  2  47       
PG18   4409.296976 -24465.899613   8977.255288   -280.284236  4  8  3  79       
PG19  17683.135044  18605.960455  -7923.069574    704.590153  2  3  2  70       
PG20  18745.685665   2944.505051  18637.133028    260.284836  6  3  3  90       
PG21  25158.930968   3124.956067  -7980.443063    383.116352  3  5  3  79       
PG22  16835.439512  11618.828266  17087.431476     57.908444  1  4  2  80       
PG23  -1399.987117 -14560.720843  22246.571713    679.216209  2  5  2  83       
PG25   7967.825661 -15779.738982 -20142.359702    397.861853  4  5  3  59       
PG26 -22657.221500  -5267.895030 -13426.948913   -388.791102  1  1  4  73       
PG27 -19994.888984  -7583.446105  15651.559453      0.515599  4  3  3  67       
PG28  -8398.610305 -15762.716797 -19646.395821   -442.872531  3  3  5  57       
PG29    -79.830449 -21093.842330 -16063.866017   -262.472774  2  4  4  74       
PG30   5289.545963  19772.878929  17001.248069    330.064876  3  5  3  70       
PG31 -14416.133229  -5672.410874 -21878.747953   -128.215678  4  3  2  68       
PG32 -16488.208079 -20921.662748   -748.133564    216.856809  5  5  1  48       
*  2026  8 14 17  0  0.00000000
PG01 -15711.101606  19139.524870   9471.749568    197.025290  5  5  4  80       
PG02 -15790.273517  12276.650572  17523.601428    157.096472  3  4  3  90       
PG03 -20177.502543  11742.601937 -12790.229386    323.004249  2  4  4  70       
PG04  -8411.934058  13028.395623 -21509.954480     63.997450  4  6  4  91       
PG05  25931.561063  -5792.008599   -223.830232   -235.976197  1  5  3  64       
PG06   8035.516211  15602.347378 -19824.732904   -550.958954  3  4  5  75       
PG07  -5593.827834  25455.239662   4548.343495   -215.500829  3  6  1  81       
PG08 -17116.096082   3095.391999  19994.732700    373.843603  4  2  2  62       
PG09   2216.316615  20203.898464 -17161.914533    701.326258  4  6  3  71       
PG10 -11692.796904 -11897.350835  21028.861405   -551.323392  4  2  1  62       
PG11  14952.015565   3223.503137 -21648.134140   -242.305113  3  3  4  46       
PG12  21509.757425 -10648.901576 -11666.202482   -604.169628  3  4  5  68       
PG13  22135.948081 -11540.029437  -9177.340142    429.050957  5  9  3  86       
PG14   8370.746774  14110.671917  21044.399086    750.225110  3  4  4  73       
PG15  15677.352166  -5861.897787  20068.887620    436.545903  3  4  1  80       
PG16 -26197.098415  -1595.863827  -5766.773295    315.937780  2  4  7  59       
PG17  11441.534831  22932.505539   6753.561493   -188.139971  2  2  2  54       
PG18   4959.772897 -25180.033363   6266.075795   -280.276207  4  8  3  81       
PG19  17903.233371  19342.015564  -5241.884834    704.590568  2  3  2  50       
PG20  19931.892895   4596.040056  16993.330497    260.294115  6  4  3  75       
PG21  24135.777715   3479.168763 -10569.019329    383.110282  3  5  3  54       
PG22  14844.276433  11895.828021  18723.746181     57.916487  1  4  2  84       
PG23   1076.759296 -14949.287009  21979.230415    679.219599  2  5  3  85       
PG25  10128.293741 -16024.653486 -18894.373542    397.858833  3  5  3  83       
PG26 -21154.954387  -5887.602575 -15464.391334   -388.792806  2  1  4  73       
PG27 -20940.493380  -9031.463539  13596.108397      0.514617  4  4  3  67       
PG28  -7538.425100 -17757.544472 -18241.548370   -442.862928  3  4  5  69       
PG29   1156.592310 -19586.802068 -17850.413101   -262.466161  3  4  4  74       
PG30   4436.562818  21395.535969  15134.018966    330.076381  3  6  3  82       
PG31 -13451.669003  -7909.642521 -21771.341473   -128.213046  4  3  2  87       
PG32 -16290.560312 -21021.087293   2113.431113    216.874352  5  5  1  70       
*  2026  8 14 17 15  0.00000000
PG01 -15473.304611  17908.850714  11951.527679    197.016821  5  4  4  80       
PG02 -15499.064803  10240.944204  19108.482355    157.102898  4  4  2  85       
PG03 -21468.425268  11861.530250 -10284.882998    322.986178  2  4  4  64       
PG04 -10039.224742  11147.023930 -21881.584589     63.997891  4  6  4  86       
PG05  25815.564169  -5561.061516  -3110.817383   -235.975916  1  5  2  56       
PG06   7214.914356  17641.991101 -18368.602799   -550.950390  3  4  5  77       
PG07  -5972.456140  25643.384811   1718.418878   -215.503956  3  6  1  64       
PG08 -18638.819754   1429.244588  18842.547867    373.834750  4  2  2  61       
PG09    706.133538  18826.654518 -18796.531263    701.319045  3  6  3  63       
PG10  -9363.175351 -12394.963412  21871.604146   -551.317786  4  3  1  35       
PG11  14102.906909   5570.135283 -21748.496685   -242.294205  3  3  4  68       
PG12  22684.670443 -10593.008353  -9162.732620   -604.169084  3  4  5  71       
PG13  23056.844748 -11529.479036  -6519.303412    429.055330  4  9  2  73       
PG14   6013.585233  14626.107875  21467.150648    750.225072  3  4  4  75       
PG15  17459.886200  -4324.559933  18989.841578    436.548578  3  4  2  77       
PG16 -25473.508537  -1903.341130  -8437.367162    315.943893  2  4  7  63       
PG17  10678.268352  22408.350940   9411.800622   -188.144989  2  3  3  56       
PG18   5368.571503 -25624.587641   3445.310775   -280.268164  5  9  2  99       
PG19  17982.207804  19819.770392  -2473.572874    704.590186  2  3  2  61       
PG20  21064.870884   6036.017407  15058.169333    260.303343  5  5  2  75       
PG21  22854.915426   3939.935575 -12976.041036    383.104211  2  5  3  56       
PG22  12709.264337  12293.258218  20042.602491     57.923631  1  4  2  84       
PG23   3480.117391 -15466.607360  21335.530722    679.222909  2  4  3  84       
PG25  12124.821282 -16341.916412 -17328.658345    397.855836  4  5  3  54       
PG26 -19481.546447  -6643.234637 -17244.428171   -388.794522  3  1  4  76       
PG27 -21789.871002 -10244.613634  11306.377647      0.514946  4  5  3  70       
PG28  -6834.502661 -19625.271804 -16522.444079   -442.853266  3  5  5  68       
PG29   2581.327251 -18000.143648 -19328.598271   -262.459546  3  4  4  51       
PG30   3728.319461  22844.997092  13006.938753    330.087890  3  6  3  78       
PG31 -12614.511524 -10166.434003 -21298.701888   -128.210592  3  3  2  79       
PG32 -15884.079014 -20893.189865   4939.126164    216.891817  5  5  1  73       
*  2026  8 14 17 30  0.00000000
PG01 -15213.300330  16412.299655  14224.542958    197.008460  5  4  3  90       
PG02 -15288.543028   8041.601804  20367.882795    157.109105  4  4  2  78       
PG03 -22467.758160  11978.462751  -7603.266085    322.968088  2  4  4  62       
PG04 -11778.449809   9342.171580 -21875.431139     63.998381  4  6  4  86       
PG05  25404.599846  -5223.889465  -5944.459938   -235.976378  2  5  2  73       
PG06   6559.076312  19547.527079 -16593.182532   -550.941784  4  4  5  92       
PG07  -6266.496058  25535.353416  -1141.606764   -215.507160  2  6  1  76       
PG08 -20127.196047    -57.563465  17365.447719    373.825889  4  3  1  62       
PG09   -996.145469  17419.095838 -20109.619980    701.311845  3  6  2  79       
PG10  -6992.888902 -13047.540183  22349.080564   -551.312014  4  3  2  50       
PG11  13380.678965   7947.534151 -21472.627767   -242.283287  3  4  5  59       
PG12  23577.908988 -10538.132343  -6503.347118   -604.168556  3  4  5  90       
PG13  23685.402404 -11472.365773  -3749.446438    429.059696  4  8  2  88       
PG14   3655.793107  15265.270725  21524.772411    750.225055  2  4  4  90       
PG15  19193.428181  -2958.892640  17568.693159    436.551527  3  3  2  88       
PG16 -24483.302853  -2300.090356 -10968.215714    315.950062  2  3  7  78       
PG17   9696.183578  21708.596945  11907.849201   -188.149576  2  3  3  82       
PG18   5667.121530 -25776.561432    564.218189   -280.260126  5  9  2  86       
PG19  17886.229334  20054.223512    335.836030    704.590744  2  4  2  69       
PG20  22101.441546   7255.684678  12864.673810    260.312636  5  5  2  81       
PG21  21348.499470   4533.064930 -15160.123355    383.098189  2  4  3  62       
PG22  10474.939957  12822.905405  21023.005063     57.931186  1  4  2  90       
PG23   5763.462093 -16092.651894  20325.566674    679.226296  3  4  3  87       
PG25  13923.898612 -16702.626938 -15470.307404    397.852870  3  5  2  70       
PG26 -17676.050049  -7545.308745 -18737.254472   -388.796236  3  1  4  83       
PG27 -22503.281526 -11223.432651   8822.900283      0.514860  3  5  3  66       
PG28  -6276.331891 -21321.813680 -14518.651713   -442.843553  3  5  5  89       
PG29   4183.426569 -16378.955370 -20473.354208   -262.452678  4  4  3  85       
PG30   3148.478074  24083.349513  10655.806821    330.099361  4  6  2  80       
PG31 -11914.050277 -12396.738512 -20467.723440   -128.207853  3  3  2  88       
PG32 -15246.971981 -20569.590397   7681.218116    216.909334  5  5  1  69       
*  2026  8 14 17 45  0.00000000
PG01 -14968.264225  14668.984951  16251.563749    197.000111  5  4  3  99       
PG02 -15181.864690   5719.674291  21282.552245    157.115241  4  4  1  94       
PG03 -23164.561565  12052.286859  -4790.989015    322.950010  2  4  4  69       
PG04 -13594.896726   7649.943235 -21492.156841     63.998838  3  5  4  89       
PG05  24720.978161  -4747.711915  -8676.361194   -235.976841  3  5  2  74       
PG06   6055.878483  21272.942598 -14529.173831   -550.933230  4  5  5  87       
PG07  -6510.839775  25120.284354  -3981.373839   -215.510225  3  6  1  64       
PG08 -21539.156719  -1353.043453  15590.265130    373.816960  3  3  2  81       
PG09  -2869.912710  16023.534791 -21079.137237    701.304621  3  6  2  68       
PG10  -4631.067573 -13848.617860  22452.506509   -551.306471  4  3  2  58       
PG11  12795.786833  10307.491818 -20825.583623   -242.272356  4  4  5  65       
PG12  24179.150938 -10446.697446  -3732.954938   -604.168033  2  4  5  83       
PG13  24021.805824 -11330.849582   -915.228881    429.064074  4  9  2  79       
PG14   1342.715630  16016.462454  21215.349280    750.225093  2  4  4  76       
PG15  20832.204719  -1774.388106  15832.154732    436.554162  3  2  2  78       
PG16 -23253.364634  -2814.618577 -13317.886356    315.956164  2  3  6  78       
PG17   8488.390237  20873.385138  14199.700853   -188.154487  2  4  3  77       
PG18   5890.797486 -25621.341899  -2326.757685   -280.252103  5  9  2  84       
PG19  17585.883795  20067.341890   3139.659724    704.590913  3  4  2  79       
PG20  22999.029040   8254.727750  10450.330841    260.321898  5  5  3  74       
PG21  19654.569232   5278.039222 -17083.691251    383.092102  2  5  3  69       
PG22   8187.777634  13488.895695  21649.708083     57.938951  1  4  1  86       
PG23   7884.617701 -16800.087649  18965.772242    679.229679  3  4  2  85       
PG25  15498.257900 -17073.193847 -13349.509497    397.849856  3  5  2  81       
PG26 -15779.934309  -8597.152017 -19917.644151   -388.797932  3  1  4  77       
PG27 -23043.447501 -11976.716733   6189.052626      0.515198  3  6  3  56       
PG28  -5845.993577 -22807.167253 -12264.660741   -442.833904  3  6  5  88       
PG29   5943.895615 -14766.737409 -21265.441317   -262.446056  4  4  3  69       
PG30   2674.465042  25077.821616   8120.532468    330.110822  4  6  2  72       
PG31 -11351.855864 -14553.818563 -19291.254334   -128.205236  3  3  2  76       
PG32 -14364.702954 -20086.648198  10293.647522    216.926786  5  5  1  58       
*  2026  8 14 18  0  0.00000000
PG01 -14772.164797  12705.907160  17997.663780    196.991713  5  4  2  89       
PG02 -15195.115955   3319.818027  21839.185152    157.121720  4  4  1  82       
PG03 -23557.133729  12041.600979  -1896.162389    322.931911  2  4  4  80       
PG04 -15448.625911   6099.991261 -20738.923403     63.999337  4  5  4  95       
PG05  23794.399856  -4104.914436 -11260.049413   -235.976877  3  5  3  71       
PG06   5685.473858  22776.720902 -12212.380536   -550.924674  5  5  5  83       
PG07  -6741.852221  24396.366736  -6750.137216   -215.513437  3  7  2  56       
PG08 -22832.779913  -2453.408648  13548.672752    373.808067  3  4  2  84       
PG09  -4887.097602  14678.836860 -21688.910718    701.297393  3  5  2  82       
PG10  -2325.469651 -14783.350566  22179.156054   -551.300929  4  4  2  55       
PG11  12350.525644  12601.264201 -19818.849085   -242.261451  3  4  6  67       
PG12  24486.629620 -10280.782207   -898.644819   -604.167314  2  4  5  58       
PG13  24074.839145 -11068.762611   1934.707105    429.068457  4  8  2  68       
PG14   -882.693994  16860.642830  20543.173243    750.225070  2  4  4  92       
PG15  22331.538092   -771.978605  13812.604806    436.557060  2  1  2  71       
PG16 -21816.542397  -3470.075016 -15448.010281    315.961952  2  3  6  84       
PG17   7056.106524  19944.807614  16249.237121   -188.159022  2  4  3  90       
PG18   6077.318775 -25153.337287  -5176.915523   -280.244064  4  9  3  78       
PG19  17057.395155  19887.125659   5891.259278    704.591286  2  4  2  79       
PG20  23717.311813   9041.092942   7856.463140    260.331083  4  5  3  92       
PG21  17815.669088   6187.078484 -18713.624874    383.085987  2  5  4  66       
PG22   5894.601862  14287.495412  21913.369661     57.946662  1  4  1  94       
PG23   9807.312842 -17555.310598  17278.704356    679.232988  4  4  2  87       
PG25  16827.784442 -17416.649198 -11001.151608    397.846858  4  5  3  58       
PG26 -13835.666655  -9794.604107 -20765.351700   -388.799651  4  2  3  89       
PG27 -23376.993695 -12520.901752   3450.271106      0.515003  3  6  3  77       
PG28  -5519.022548 -24046.851947  -9799.287997   -442.824224  3  6  5  70       
PG29   7836.265281 -13203.807497 -21691.746280   -262.439827  4  4  3  70       
PG30   2278.504122  25802.023328   5444.488264    330.122315  4  6  3  84       
PG31 -10921.675076 -16591.837167 -17787.971830   -128.202749  3  4  3  83       
PG32 -13230.663919 -19483.968435  12732.744849    216.944353  4  5  1  72       
*  2026  8 14 18 15  0.00000000
PG01 -14654.340080  10557.072521  19432.825484    196.983329  4  5  2  89       
PG02 -15336.748788    888.770866  22030.487457    157.128221  4  4  1  78       
PG03 -23653.016158  11906.483435   1031.410563    322.913860  2  4  4  66       
PG04 -17295.899333   4714.544084 -19629.229744     63.999764  3  5  4  98       
PG05  22660.778697  -3274.281237 -13651.740164   -235.977225  3  5  3  63       
PG06   5421.236478  24023.362505  -9683.073185   -550.916103  5  5  5  83       
PG07  -6995.708173  23371.122206  -9397.762491   -215.516502  3  7  2  62       
PG08 -23967.841434  -3362.948568  11276.565421    373.799199  3  5  2  68       
PG09  -7013.066672  13419.007700 -21928.882378    701.290170  3  5  3  80       
PG10   -120.867214 -15828.952843  21532.468833   -551.295253  4  4  3  64       
PG11  12039.043522  14781.279893 -18470.116319   -242.250568  4  5  6  68       
PG12  24507.163213 -10003.752528   1951.083598   -604.166852  2  4  5  70       
PG13  23861.467282 -10653.186014   4751.365432    429.072879  4  8  2  84       
PG14  -2981.336226  17772.075487  19518.739359    750.225075  3  4  4  79       
PG15  23649.565394     55.724936  11547.350172    436.559565  2  1  2  69       
PG16 -20210.487023  -4283.254257 -17323.808896    315.968205  3  3  6  79       
PG17   5408.729788  18965.243552  18022.789433   -188.163680  2  4  3  82       
PG18   6265.052567 -24376.260650  -7936.237041   -280.235996  4  9  4  92       
PG19  16283.657272  19546.464584   8544.736548    704.591264  3  4  2  74       
PG20  24219.804996   9630.491938   5127.533735    260.340338  4  5  4  73       
PG21  15877.306799   7264.489205 -20021.829983    383.079919  2  5  4  71       
PG22   3641.011493  15207.212353  21810.618137     57.954123  2  4  1  88       
PG23  11502.420186 -18319.743500  15292.714172    679.236404  4  4  2  83       
PG25  17900.177936 -17694.122900  -8464.330481    397.843847  4  5  3  70       
PG26 -11885.262006 -11125.995899 -21265.453736   -388.801314  4  2  4  81       
PG27 -23475.726812 -12879.172488    653.269330      0.515198  2  6  3  78       
PG28  -5265.530949 -25013.147577  -7165.008090   -442.814449  3  7  5  77       
PG29   9827.456221 -11725.849413 -21745.471557   -262.432731  5  4  3  78       
PG30   1928.869649  26236.962638   2673.783508    330.133817  5  6  3  61       
PG31 -10609.728006 -18467.441178 -15982.166174   -128.200344  3  5  3  74       
PG32 -11846.554746 -18802.813788  14957.895322    216.961872  5  5  1  83       
*  2026  8 14 18 30  0.00000000
PG01 -14638.268945   8262.346314  20532.453532    196.974897  4  5  2  74       
PG02 -15607.318534  -1526.215939  21855.153129    157.134683  3  5  1  64       
PG03 -23468.649530  11610.227471   3941.089501    322.895837  2  4  4  86       
PG04 -19090.758973   3507.733688 -18182.643605     64.000226  3  5  4  96       
PG05  21360.848913  -2241.977291 -15811.043166   -235.977319  4  5  3  74       
PG06   5230.982425  24984.680978  -6985.268197   -550.907453  5  4  4  68       
PG07  -7306.702582  22061.312621 -11875.760022   -215.519811  3  7  3  58       
PG08 -24907.292162  -4093.598067   8813.395200    373.790325  3  5  2  50       
PG09  -9207.773492  12271.981250 -21795.251804    701.282902  3  4  3  87       
PG10   1942.469920 -16955.449678  20522.073143   -551.289660  4  4  3  52       
PG11  11847.683163  16802.804902 -16802.955816   -242.239658  4  5  6  62       
PG12  24255.865651  -9581.869859   4767.133838   -604.166278  2  3  5  74       
PG13  23406.112214 -10055.911891   7486.236436    429.077273  5  9  3  88       
PG14  -4919.290426  18719.249498  18158.638653    750.225085  2  4  4  82       
PG15  24748.826799    723.845633   9077.801812    436.562295  1  1  2  68       
PG16 -18476.338626  -5263.831724 -18914.570897    315.974151  3  3  6  85       
PG17   3563.599674  17975.725224  19491.607157   -188.168588  2  4  3  73       
PG18   6491.291456 -23303.051164 -10556.316711   -280.227981  3  8  5  85       
PG19  15255.037728  19081.824562  11055.628659    704.591654  3  4  2  70       
PG20  24475.311867  10045.608085   2310.392729    260.349531  3  4  3  70       
PG21  13886.308076   8506.324396 -20985.723661    383.073891  2  6  4  80       
PG22   1469.869603  16229.188822  21344.034965     57.961686  1  4  1  84       
PG23  12948.930077 -19051.352713  13041.507885    679.239739  4  4  2  86       
PG25  18711.332766 -17866.426822  -5781.773522    397.840847  4  5  3  64       
PG26  -9968.848835 -12572.407910 -21408.625250   -388.803026  4  3  3  90       
PG27 -23317.713165 -13080.342395  -2154.732093      0.515116  2  6  3  70       
PG28  -5051.548401 -25686.082615  -4407.219159   -442.804741  3  7  5  85       
PG29  11878.900063 -10362.658495 -21426.215191   -262.426177  5  3  3  80       
PG30   1591.312767  26371.793779   -143.531494    330.145312  5  5  4  78       
PG31 -10395.302194 -20141.279524 -13903.430226   -128.197782  3  6  4  78       
PG32 -10222.460162 -18084.479459  16932.146976    216.979400  4  5  1  76       
*  2026  8 14 18 45  0.00000000
PG01 -14740.585145   5866.086221  21277.790067    196.966510  4  6  3  77       
PG02 -15999.522551  -3878.935226  21317.760099    157.141256  3  5  1  50       
PG03 -23028.688747  11120.972532   6782.285967    322.877793  2  4  3  90       
PG04 -20786.693871   2485.244843 -16424.433537     64.000646  3  5  4  96       
PG05  19938.611969  -1002.245247 -17701.604673   -235.977919  4  5  3  47       
PG06   5078.417667  25640.821254  -4165.936015   -550.898821  5  4  4  91       
PG07  -7705.610956  20492.462486 -14138.327270   -215.522920  3  7  3  77       
PG08 -25618.608865  -4664.225473   6201.472961    373.781430  3  6  2  70       
PG09 -11427.115193  11258.652620 -21290.519348    701.275657  3  4  4  73       
PG10   3830.136880 -18126.712565  19163.719437   -551.283926  4  4  4  62       
PG11  11755.636668  18625.499424 -14846.386848   -242.228777  4  5  6  64       
PG12  23755.544467  -8985.811348   7500.659530   -604.165751  3  3  5  90       
PG13  22739.650980  -9254.732549  10092.134665    429.081641  5  9  3  89       
PG14  -6668.951753  19666.045855  16485.344740    750.225088  2  4  4  78       
PG15  25597.657894   1254.340529   6448.592294    436.564862  1  2  2  82       
PG16 -16657.306762  -6413.854988 -20194.079104    315.980199  4  4  5  86       
PG17   1545.469696  17014.392775  20632.231561   -188.173271  2  3  3  73       
PG18   6790.578356 -21955.435464 -12991.259985   -280.219990  3  8  5  68       
PG19  13969.924090  18531.808199  13381.593431    704.591759  3  4  2  67       
PG20  24459.187677  10315.034209   -546.521573    260.358794  3  3  4  57       
PG21  11889.130038   9900.369120 -21588.626932    383.067828  3  6  4  79       
PG22   -580.090672  17327.868418  20522.058911     57.969194  2  3  1  83       
PG23  14134.616550 -19706.327034  10563.600975    679.243076  5  4  2  78       
PG25  19265.415422 -17895.690370  -2999.172074    397.837785  5  5  3  62       
PG26  -8123.301740 -14108.203490 -21191.345010   -388.804710  5  3  3  86       
PG27 -22888.120944 -13157.551162  -4926.752753      0.515789  2  6  3  63       
PG28  -4840.526278 -26054.134285  -1573.456803   -442.795074  4  7  5  90       
PG29  13947.873374  -9137.130125 -20739.942092   -262.419590  5  3  3  70       
PG30   1230.605152  26204.262277  -2958.316738    330.156820  5  5  4  70       
PG31 -10251.627882 -21579.399209 -11586.252856   -128.195227  4  6  4  67       
PG32  -8376.624370 -17368.689520  18622.757340    216.996918  4  5  1  72       
*  2026  8 14 19  0  0.00000000
PG01 -14970.372123   3415.609011  21656.225230    196.958121  4  6  3  79       
PG02 -16498.529804  -6125.719200  20428.594627    157.147573  3  5  1  17       
PG03 -22364.999749  10413.164436   9505.369447    322.859735  2  4  3  84       
PG04 -22338.331848   1644.296071 -14385.109571     64.001074  3  5  3  92       
PG05  18439.681728    442.206714 -19291.677959   -235.979614  4  5  4  66       
PG06   4924.753585  25980.959454  -1274.154216   -550.890104  5  4  4  56       
PG07  -8218.178350  18698.004763 -16143.366290   -215.526274  3  7  3  81       
PG08 -26074.972102  -5099.672980   3485.249169    373.772543  3  6  3  76       
PG09 -13624.445034  10392.190166 -20423.429785    701.268396  3  4  4  77       
PG10   5514.751587 -19301.750175  17479.119108   -551.278239  4  4  4  75       
PG11  11735.886106  20214.807454 -12634.356326   -242.217873  4  5  6  70       
PG12  23035.803448  -8192.039750  10103.929792   -604.165047  3  4  4  69       
PG13  21898.173150  -8234.505499  12524.019405    429.086001  5  9  4  86       
PG14  -8209.933583  20573.107941  14526.892760    750.225035  2  4  4  81       
PG15  26171.332968   1674.836460   3706.661934    436.567857  1  4  2  82       
PG16 -14797.190161  -7727.506964 -21140.985832    315.986133  4  4  5  87       
PG17   -614.287183  16115.091254  21426.777415   -188.177976  2  3  2  75       
PG18   7193.149029 -20363.147134 -15198.529767   -280.211940  3  7  6  80       
PG19  12434.990518  17935.638134  15483.079065    704.591959  3  4  2  79       
PG20  24154.365881  10471.982694  -3394.013843    260.368006  3  3  4  67       
PG21   9930.197938  11426.453175 -21820.057362    383.061713  3  6  4  76       
PG22  -2475.498964  18471.910336  19358.816091     57.977057  2  3  1  84       
PG23  15056.365624 -20240.853532   7901.672560    679.246444  5  4  2  91       
PG25  19574.627928 -17746.984504   -164.433063    397.834768  5  5  3  69       
PG26  -6380.989106 -15701.822849 -20616.024105   -388.806384  5  3  3  69       
PG27 -22179.803135 -13146.831249  -7616.768693      0.516094  2  6  3  69       
PG28  -4594.946807 -26114.613317   1287.429895   -442.785413  4  7  5  85       
PG29  15988.992682  -8064.527209 -19698.849736   -262.413234  5  3  3  61       
PG30    812.138179  25740.823936  -5721.233318    330.168390  5  5  5  44       
PG31 -10147.007391 -22754.464136  -9069.515937   -128.192800  4  6  4  75       
PG32  -6334.933592 -16692.070749  20001.675034    217.014461  4  5  1  73       
*  2026  8 14 19 15  0.00000000
PG01 -15328.765324    959.550084  21661.498580    196.949754  4  6  4  49       
PG02 -17082.582904  -8226.825096  19203.412278    157.153855  3  5  1  48       
PG03 -21515.374280   9468.782484  12062.572517    322.841721  3  5  3  74       
PG04 -23703.091846    973.949727 -12099.881972     64.001482  2  5  3  90       
PG05  16909.589765   2080.138467 -20554.615810   -235.979583  4  5  4  50       
PG06   4730.424093  26003.656733   1639.777012   -550.881434  5  3  4  58       
PG07  -8863.812523  16718.078593 -17853.441156   -215.529249  4  7  4  80       
PG08 -26256.232659  -5429.589892    710.585057    373.763653  2  6  3  61       
PG09 -15752.185209   9677.650867 -19208.818300    701.261176  3  4  4  77       
PG10   6976.861693 -20436.212047  15495.684207   -551.272596  4  4  4  80       
PG11  11756.391361  21543.126974 -10205.136352   -242.207029  5  5  6  71       
PG12  22131.880397  -7183.964986  12531.196755   -604.164338  3  4  4  83       
PG13  20921.545226  -6987.950903  14739.783175    429.090390  5  9  4  95       
PG14  -9529.697155  21399.365878  12316.451379    750.225068  3  4  4  64       
PG15  26452.919962   2017.260266    900.339234    436.570220  1  4  2  80       
PG16 -12938.883697  -9191.149329 -21739.135036    315.992132  4  4  5  70       
PG17  -2878.705333  15306.156239  21863.125368   -188.182531  2  2  2  75       
PG18   7723.557399 -18562.837207 -17139.722468   -280.203984  3  6  6  74       
PG19  10665.171134  17331.615265  17323.970585    704.592108  3  3  2  71       
PG20  23552.105668  10552.817705  -6182.981045    260.377251  3  4  4  66       
PG21   8050.328695  13057.080082 -21675.916352    383.055676  3  7  4  78       
PG22  -4189.379672  19625.317743  17873.879990     57.984589  2  3  1  78       
PG23  15720.148928 -20612.919832   5101.829472    679.249782  5  5  3  83       
PG25  19658.658269 -17389.868404   2673.141557    397.831751  5  5  3  61       
PG26  -4768.681909 -17316.814867 -19691.051463   -388.808072  5  3  3  79       
PG27 -21193.606588 -13085.596638 -10180.391731      0.516441  2  6  3  65       
PG28  -4277.973522 -25873.718513   4126.125588   -442.775686  5  7  5  73       
PG29  17955.813403  -7152.051763 -18321.132643   -262.406501  5  4  4  77       
PG30    303.511545  24996.427979  -8383.655289    330.179982  4  5  5  82       
PG31 -10046.160790 -23646.746218  -6395.897009   -128.190350  4  6  4  60       
PG32  -4130.126075 -16086.756639  21045.953218    217.031966  4  5  1  76       
*  2026  8 14 19 30  0.00000000
PG01 -15808.876495  -1453.820913  21293.789149    196.941403  4  6  5  54       
PG02 -17723.846748 -10147.668964  17663.142543    157.160262  4  6  2  57       
PG03 -20522.011322   8278.279823  14408.875967    322.823763  3  5  3  79       
PG04 -24842.735029    455.736282  -9608.048306     64.001889  2  5  3  81       
PG05  15392.113023   3892.033782 -21469.280211   -235.979455  4  5  4  75       
PG06   4456.834181  25716.853930   4525.238878   -550.872772  5  4  4  64       
PG07  -9654.548974  14598.027501 -19236.640296   -215.532659  4  6  4  76       
PG08 -26149.636317  -5687.104846  -2075.976022    373.754806  2  6  3  67       
PG09 -17763.480718   9111.912036 -17667.361616    701.253935  3  4  4  75       
PG10   8205.561780 -21484.054353  13246.164934   -551.266907  4  4  4  72       
PG11  11781.477518  22590.717283  -7600.651977   -242.196122  5  6  5  86       
PG12  21083.262027  -5952.845913  14739.547338   -604.163388  3  4  5  79       
PG13  19851.837270  -5516.148315  16700.993710    429.094794  5  9  4  90       
PG14 -10623.879940  22103.656976   9891.791122    750.225021  3  4  4  84       
PG15  26433.822360   2316.327499  -1921.561720    436.572953  2  4  2  70       
PG16 -11122.920899 -10783.646614 -21977.828662    315.998252  5  5  5  84       
PG17  -5206.445548  14609.426302  21935.029058   -188.187278  3  2  2  84       
PG18   8399.540458 -16596.721669 -18781.257174   -280.195907  4  6  5  80       
PG19   8683.335692  16755.606161  18872.204487    704.592284  3  3  2  75       
PG20  22652.430236  10595.466722  -8865.264954    260.386470  3  5  4  63       
PG21   6285.301552  14758.349298 -21158.567463    383.049621  4  7  3  75       
PG22  -5701.950380  20748.740657  16091.965120     57.992518  2  3  1  84       
PG23  16140.640129 -20784.069579   2212.792613    679.253159  6  5  3  65       
PG25  19543.831879 -16799.793039   5463.734579    397.828741  5  5  3  60       
PG26  -3306.665646 -18913.074726 -18430.750200   -388.809740  4  3  3  72       
PG27 -19938.402007 -13011.107405 -12575.507513      0.516469  3  6  3  55       
PG28  -3855.077950 -25346.259150   6893.703967   -442.766056  5  7  5  84       
PG29  19802.472314  -6398.734017 -16630.651289   -262.399829  5  4  4  60       
PG30   -323.955739  23993.968821 -10898.582399    330.191513  4  5  5  96       
PG31  -9911.739941 -24244.844950  -3611.182403   -128.187909  4  5  4  76       
PG32  -1800.757676 -15579.169521  21738.092196    217.049472  4  4  2  88       
*  2026  8 14 19 45  0.00000000
PG01 -16396.041783  -3778.263857  20559.693842    196.932989  4  6  5  16       
PG02 -18389.471685 -11859.871022  15833.542928    157.166616  4  6  2  55       
PG03 -19429.824725   6841.194393  16502.854228    322.805815  3  5  3  90       
PG04 -25724.757159     64.566363  -6952.319722     64.002312  3  4  3  76       
PG05  13927.684470   5850.667874 -22020.365463   -235.979440  5  5  5  54       
PG06   4068.068700  25137.508523   7332.199101   -550.864185  5  4  4  60       
PG07 -10594.342912  12386.664333 -20267.311150   -215.535789  4  6  3  86       
PG08 -25750.285734  -5907.387020  -4827.928756    373.745907  2  5  3  48       
PG09 -19613.833740   8683.921020 -15825.238026    701.246734  3  4  3  79       
PG10   9198.791216 -22399.308600  10768.183503   -551.261309  4  4  4  71       
PG11  11773.366757  23346.310583  -4865.751602   -242.185292  5  6  5  97       
PG12  19932.128522  -4498.390214  16689.720291   -604.162984  3  4  5  87       
PG13  18731.672839  -3828.711136  18373.575477    429.099183  6  9  4  88       
PG14 -11496.305626  22646.378903   7294.655093    750.225000  4  4  4  79       
PG15  26113.997835   2607.956150  -4710.607755    436.575504  2  4  3  72       
PG16  -9386.099792 -12476.963396 -21852.033721    316.004249  5  5  4  87       
PG17  -7553.161508  14039.511833  21642.141331   -188.191863  3  3  2  78       
PG18   9231.168808 -14511.022803 -20094.964231   -280.187846  4  6  5  82       
PG19   6519.672941  16239.614551  20100.342014    704.592376  3  2  3  63       
PG20  21464.237122  10637.773634 -11394.492629    260.395656  4  7  4  62       
PG21   4664.630619  16491.137158 -20276.803936    383.043589  4  7  3  78       
PG22  -7001.161336  21800.908827  14042.557484     57.999734  2  3  1  75       
PG23  16340.486630 -20721.038305   -714.979139    679.256509  6  5  3  74       
PG25  19261.991661 -15959.298874   8157.935952    397.825720  6  5  3  71       
PG26  -2008.091708 -20448.247018 -16855.239124   -388.811336  4  4  3  76       
PG27 -18430.838372 -12958.962615 -14762.869259      0.516171  3  6  4  77       
PG28  -3295.578333 -24555.056268   9542.475836   -442.756350  5  7  5  84       
PG29  21485.312156  -5795.640574 -14656.512222   -262.393304  5  5  4  61       
PG30  -1093.857014  22763.425558 -13221.532526    330.202950  4  6  6  88       
PG31  -9705.954159 -24546.100607   -763.498740   -128.185325  4  5  4  66       
PG32    610.041274 -15189.022601  22066.308640    217.066982  4  4  3  74       
*  2026  8 14 20  0  0.00000000
PG01 -17068.382885  -5971.148077  19472.095817    196.924451  4  6  5  47       
PG02 -19042.834078 -13342.082245  13744.806946    157.173149  4  6  2  64       
PG03 -18284.644955   5166.401024  18307.461563    322.787842  4  4  3  82       
PG04 -26323.571232   -230.106204  -4178.097738     64.002775  3  4  2  76       
PG05  12551.943871   7921.965347 -22198.631920   -235.980216  4  6  5  61       
PG06   3532.492389  24290.890381  10012.099988   -550.855607  4  4  5  57       
PG07 -11678.726654  10134.383433 -20926.639300   -215.538783  4  6  4  70       
PG08 -25061.327242  -6126.148440  -7499.510426    373.737082  2  5  3  64       
PG09 -21262.658685   8375.253086 -13713.701032    701.239505  3  4  3  78       
PG10   9963.294008 -23137.887566   8103.665338   -551.255787  4  5  4  58       
PG11  11693.794595  23807.406298  -2047.433084   -242.174460  5  7  5  83       
PG12  18721.688904  -2829.021914  18346.869059   -604.162448  3  4  5  81       
PG13  17602.566701  -1943.629741  19728.417691    429.103552  6  9  4  92       
PG14 -12158.671315  22991.109135   4570.041122    750.224940  4  4  4  75       
PG15  25501.857055   2927.671004  -7419.561788    436.577987  2  4  3  71       
PG16  -7760.238366 -14237.018955 -21362.525611    316.010249  5  5  4  53       
PG17  -9872.965375  13603.340764  20989.963895   -188.196373  4  4  2  69       
PG18  10220.316132 -12354.269253 -21058.562587   -280.179792  4  6  5  82       
PG19   4210.797109  15810.490720  20986.090464    704.592484  3  2  3  73       
PG20  20005.074696  10715.858339 -13726.889461    260.404847  5  7  5  81       
PG21   3210.586387  18212.491951 -19045.705374    383.037475  5  7  3  77       
PG22  -8082.958573  22740.146230  11759.484648     58.007663  3  3  1  71       
PG23  16349.263884 -20397.200745  -3630.209736    679.259806  6  5  4  45       
PG25  18849.147113 -14858.951263  10707.687902    397.822635  6  5  3  70       
PG26   -878.597209 -21879.246362 -14990.194605   -388.813018  4  4  4  81       
PG27 -16694.833555 -12961.671664 -16706.645074      0.516554  4  6  4  89       
PG28  -2574.029670 -23530.046413  12026.814809   -442.746690  5  6  5  70       
PG29  22964.428190  -5326.391378 -12432.567063   -262.386755  4  5  5  62       
PG30  -2023.531986  21340.722604 -15311.392355    330.214449  4  6  6  88       
PG31  -9392.243725 -24556.677366   2097.525997   -128.183043  4  4  4  74       
PG32   3055.975521 -14928.576629  22024.728929    217.084477  4  4  3  73       
*  2026  8 14 20 15  0.00000000
PG01 -17797.658424  -7994.888822  18049.926319    196.916046  5  7  6  58       
PG02 -19644.912917 -14580.568402  11431.129299    157.179551  4  6  2  65       
PG03 -17131.388493   3271.990190  19790.740272    322.769900  4  5  2  67       
PG04 -26621.437384   -462.915983  -1332.713170     64.003166  4  4  2  68       
PG05  11294.480482  10066.117254 -22001.048315   -235.980339  4  6  5  58       
PG06   2824.177027  23209.566224  12518.712229   -550.847075  4  4  5  63       
PG07 -12894.851422   7891.209940 -21203.050882   -215.541970  3  5  4  73       
PG08 -24093.859406  -6378.140153 -10046.383835    373.728144  2  5  3  66       
PG09 -22674.700790   8160.956582 -11368.572212    701.232253  3  4  3  62       
PG10  10514.234564 -23659.358381   5298.171371   -551.250201  5  5  5  59       
PG11  11505.647540  23980.238930    805.961000   -242.163608  5  7  5  31       
PG12  17494.474543   -961.799580  19681.251215   -604.161998  3  3  4  82       
PG13  16503.315612    113.212692  20741.896981    429.107965  6  9  4  93       
PG14 -12629.920917  23106.123886   1765.407355    750.224896  4  4  4  68       
PG15  24613.858245   3309.060625 -10003.135381    436.580625  3  3  3  69       
PG16  -6271.103219 -16024.775683 -20515.962312    316.016201  5  5  4  48       
PG17 -12119.942415  13299.992607  19989.724450   -188.201180  4  5  2  70       
PG18  11360.466939 -10175.524645 -21656.018526   -280.171795  4  6  5  66       
PG19   1798.603301  15488.829723  21512.760998    704.592913  3  2  3  79       
PG20  18300.592000  10862.547873 -15822.049733    260.414139  6  8  5  89       
PG21   1937.503808  19877.190028 -17486.385414    383.031372  5  6  3  78       
PG22  -8951.261661  23525.916223   9280.427951     58.015193  3  3  1  72       
PG23  16202.153783 -19793.767719  -6481.751844    679.263157  6  5  4  43       
PG25  18343.945141 -13497.966543  13067.230080    397.819585  5  5  4  68       
PG26     83.786532 -23163.841142 -12866.509470   -388.814740  4  4  4  69       
PG27 -14760.820373 -13047.350712 -18374.917165      0.516192  4  6  4  77       
PG28  -1671.410260 -22307.123023  14303.945979   -442.737005  5  6  4  74       
PG29  24205.079793  -4967.964052  -9996.838874   -262.380283  4  5  5  64       
PG30  -3123.154610  19766.357311 -17131.205400    330.225893  4  6  6  83       
PG31  -8936.932932 -24291.305607   4921.657165   -128.180499  4  4  4  84       
PG32   5489.113178 -14802.177827  21613.504006    217.101966  4  4  4  69       
*  2026  8 14 20 30  0.00000000
PG01 -18550.371712  -9818.186565  16317.825066    196.907634  6  7  6  46       
PG02 -20155.758025 -15569.534605   8930.230460    157.185640  5  6  2  53       
PG03 -16012.270634   1184.774895  20926.433718    322.751944  4  5  2  64       
PG04 -26609.106710   -671.064908   1535.361064     64.003563  4  4  3  80       
PG05  10177.812583  12238.917149 -21430.841356   -235.980793  4  6  5  62       
PG06   1924.099287  21932.115185  14808.938391   -550.838538  3  5  4  48       
PG07 -14221.911650   5704.879741 -21092.425236   -215.544933  3  4  4  72       
PG08 -22866.568932  -6695.694146 -12426.293369    373.719264  2  5  4  69       
PG09 -23821.265842   8010.654035  -8829.659930    701.225107  3  4  2  55       
PG10  10874.476860 -23928.610913   2400.138519   -551.244710  5  5  5  54       
PG11  11174.558957  23879.422719   3645.565262   -242.152771  5  8  4  12       
PG12  16290.661420   1078.016919  20668.826231   -604.161313  3  3  4  80       
PG13  15468.505652   2308.834628  21396.304309    429.112346  6  9  5  88       
PG14 -12935.327233  22965.752440  -1070.183799    750.224846  4  4  4  68       
PG15  23473.823440   3782.343206 -12418.671145    436.583239  3  3  4  71       
PG16  -4937.551044 -17797.529567 -19324.883280    316.022474  6  5  5  53       
PG17 -14249.663972  13120.823271  18658.184863   -188.205792  4  5  2  56       
PG18  12636.867484  -8022.616379 -21877.781676   -280.163819  4  6  5  67       
PG19   -671.092398  15288.104439  21669.650810    704.593195  3  2  3  62       
PG20  16383.682085  11105.941565 -17643.650205    260.423388  6  8  6  74       
PG21    851.403506  21439.393384 -15625.634162    383.025272  5  6  3  78       
PG22  -9617.655720  24120.344980   6646.379413     58.022946  3  3  1  70       
PG23  15938.400890 -18900.680819  -9219.536852    679.266478  6  4  4  28       
PG25  17786.025184 -11884.494357  15194.020093    397.816547  5  4  4  67       
PG26    888.426936 -24262.241180 -10519.847564   -388.816430  4  4  5  60       
PG27 -12664.774179 -13238.586396 -19740.131489      0.516410  4  6  4  79       
PG28   -576.057952 -20926.760773  16334.683678   -442.727363  5  6  4  80       
PG29  25178.915417  -4691.753814  -7390.885053   -262.373590  3  5  5  28       
PG30  -4395.115496  18083.851358 -18648.877884    330.237241  5  5  6  81       
PG31  -8310.792637 -23772.686933   7658.986129   -128.177955  3  4  4  45       
PG32   7861.480861 -14806.094787  20838.843083    217.119435  4  4  4  74       
*  2026  8 14 20 45  0.00000000
PG01 -19289.091404 -11417.023220  14305.705864    196.899220  6  7  6  44       
PG02 -20536.003024 -16311.180497   6282.842042    157.192272  5  6  3  63       
PG03 -14965.136284  -1060.556714  21694.489123    322.734020  5  4  2  72       
PG04 -26286.156138   -892.706589   4377.311478     64.004041  4  4  3  85       
PG05   9216.640469  14393.268456 -20497.451918   -235.981253  4  6  5  67       
PG06    821.062734  20501.628178  16843.551751   -550.830038  3  5  4  51       
PG07 -15631.929225   3619.041306 -20598.113623   -215.548243  3  3  4  83       
PG08 -21405.107857  -7107.360736 -14599.689520    373.710407  3  5  3  77       
PG09 -24681.215101   7889.858379  -6140.111483    701.217899  4  4  2  62       
PG10  11073.548937 -23917.350896   -539.960994   -551.239088  4  5  5  48       
PG11  10670.401837  23527.288341   6422.817065   -242.141893  5  8  4  61       
PG12  15146.491792   3257.737808  21291.745102   -604.160638  3  2  5  77       
PG13  14527.195222   4604.231453  21680.167522    429.116732  6  9  5  97       
PG14 -13105.318248  22551.508560  -3886.965934    750.224807  4  4  3  73       
PG15  22112.010741   4373.090185 -14626.750759    436.586003  4  4  4  53       
PG16  -3770.917301 -19510.363453 -17807.626429    316.028446  6  5  5  56       
PG17 -16220.648893  13049.874290  17017.383342   -188.210733  4  5  2  69       
PG18  14027.010463  -5940.434764 -21720.897324   -280.155749  4  6  6  65       
PG19  -3150.082788  15214.072566  21452.337248    704.593496  3  3  3  83       
PG20  14293.351195  11468.167634 -19160.093225    260.432653  6  8  6  79       
PG21    -50.059392  22854.344929 -13495.460996    383.019237  5  6  3  73       
PG22 -10100.806285  24489.670785   3901.046129     58.030486  3  3  1  53       
PG23  15599.610498 -17717.165818 -11795.507499    679.269809  5  4  4  65       
PG25  17214.328637 -10035.536677  17049.603814    397.813498  5  4  4  68       
PG26   1551.585944 -25138.627333  -7990.095182   -388.818150  4  4  5  43       
PG27 -10447.054090 -13551.503821 -20779.496137      0.516455  4  5  4  80       
PG28    715.680804 -19432.476555  18084.105522   -442.717635  4  5  4  68       
PG29  25864.966249  -4464.848095  -4659.106499   -262.366882  3  5  5  49       
PG30  -5833.726470  16338.090835 -19837.785278    330.248642  5  5  6  71       
PG31  -7490.443865 -23030.580385  10260.880236   -128.175750  3  4  4  45       
PG32  10126.671042 -14928.662524  19712.963471    217.136951  3  4  4  71       
*  2026  8 14 21  0  0.00000000
PG01 -19973.933644 -12775.378912  12048.235481    196.890796  7  8  7  53       
PG02 -20748.374832 -16815.483496   3532.153882    157.198746  5  6  3  64       
PG03 -14021.978648  -3422.609865  22081.437919    322.716101  5  4  1  60       
PG04 -25661.002831  -1165.296990   7144.788175     64.004490  5  5  3  88       
PG05   8417.400062  16480.809421 -19216.397815   -235.981588  4  6  5  59       
PG06   -487.690993  18964.051696  18587.858033   -550.821522  3  6  4  67       
PG07 -17090.856189   1671.662504 -19730.768760   -215.551124  3  2  4  82       
PG08 -19741.233762  -7636.687733 -16530.317430    373.701592  3  5  4  76       
PG09 -25241.687713   7761.455421  -3345.707333    701.210706  4  4  2  27       
PG10  11146.328813 -23605.351795  -3470.527133   -551.233499  4  5  4  64       
PG11   9968.621697  22952.938618   9090.272426   -242.130974  5  8  4  45       
PG12  14092.862616   5538.324398  21538.717909   -604.160193  3  2  5  93       
PG13  13701.825974   6955.690781  21588.462832    429.121145  7  9  5 103       
PG14 -13174.094801  21852.949272  -6635.393608    750.224948  4  4  3  73       
PG15  20563.983188   5101.148184 -16591.727119    436.588719  4  5  4  70       
PG16  -2774.679798 -21117.716631 -15988.156481    316.034414  6  5  5  57       
PG17 -17995.725353  13064.551717  15094.312997   -188.215281  4  5  2  56       
PG18  15501.430688  -3969.368392 -21188.996967   -280.147729  4  6  6  73       
PG19  -5589.415639  15264.487768  20862.871710    704.593918  3  4  3  73       
PG20  12073.357112  11964.381205 -20345.067090    260.441938  6  8  6  77       
PG21   -777.317081  24080.035937 -11132.545226    383.013158  5  5  3  59       
PG22 -10425.614529  24605.568072   1090.205517     58.038228  3  3  2  59       
PG23  15227.959611 -16251.920403 -14164.511816    679.273118  5  3  5  73       
PG25  16665.436559  -7976.500639  18600.410187    397.810479  5  3  4  80       
PG26   2095.632237 -25762.560598  -5320.713633   -388.819870  4  4  5  48       
PG27  -8151.095234 -13995.069789 -21475.326310      0.516949  5  5  5  88       
PG28   2199.114768 -17869.186953  19522.151186   -442.707853  3  5  3  82       
PG29  26250.372399  -4251.467322  -1848.013307   -262.360526  2  5  5  35       
PG30  -7425.260618  14573.624918 -20677.265213    330.260033  4  4  6  69       
PG31  -6459.539052 -22100.603177  12680.927311   -128.173200  3  4  4  34       
PG32  12241.405642 -15150.731857  18253.953941    217.154420  3  3  4  75       
*  2026  8 14 21 15  0.00000000
PG01 -20564.148359 -13885.643632   9584.235039    196.882396  7  8  7  45       
PG02 -20759.150953 -17099.715037    723.223584    157.205219  5  6  3  60       
PG03 -13207.707670  -5854.725516  22080.644637    322.698227  5  4  1  72       
PG04 -24750.598163  -1523.973511   9790.700069     64.004898  5  5  3  59       
PG05   7778.133961  18453.597556 -17609.043819   -235.981933  4  6  5  54       
PG06  -1996.204015  17366.441937  20012.269695   -550.813053  2  6  3  69       
PG07 -18559.938699   -106.287486 -18507.998115   -215.554331  4  2  4  71       
PG08 -17911.741890  -8301.183199 -18185.765072    373.692739  3  5  4  77       
PG09 -25498.522489   7587.297107   -494.107105    701.203491  4  4  2  22       
PG10  11131.501457 -22981.407432  -6339.788459   -551.227918  3  5  4  69       
PG11   9051.358962  22191.060198  11602.399459   -242.120049  4  8  4  59       
PG12  13154.141362   7875.737006  21405.248546   -604.159605  3  1  5  79       
PG13  13007.404962   9316.297260  21122.710695    429.125562  7  9  6  88       
PG14 -13178.096665  20868.222583  -9267.071052    750.224910  4  4  3  35       
PG15  18869.319295   5979.790976 -18282.181295    436.591408  4  6  5  74       
PG16  -1944.416733 -22575.017991 -13895.798417    316.040517  6  5  5  43       
PG17 -19543.248109  13136.551868  12920.538690   -188.220129  4  5  2  57       
PG18  17024.776885  -2143.934669 -20292.171572   -280.139672  5  6  7  70       
PG19  -7941.095261  15429.134325  19909.862000    704.594241  3  4  3  63       
PG20   9770.669261  12602.044220 -21178.012979    260.451244  6  8  6  83       
PG21  -1348.292667  25078.780961  -8577.603868    383.007203  4  5  4  50       
PG22 -10622.139172  24446.297901  -1738.984320     58.045860  4  2  2  54       
PG23  14864.395920 -14522.927711 -16285.138101    679.276503  4  3  5  58       
PG25  16172.009829  -5740.399765  19818.446778    397.807413  5  3  4  45       
PG26   2547.995827 -26110.210608  -2558.000649   -388.821634  4  4  5  54       
PG27  -5821.993813 -14570.655623 -21815.333045      0.517206  5  4  5  82       
PG28   3861.197997 -16281.525847  20624.135876   -442.698175  2  5  3  82       
PG29  26330.815132  -4014.517439    994.542348   -262.354038  2  5  5  50       
PG30  -9148.326084  12832.994616 -21152.985908    330.271455  4  4  5  70       
PG31  -5209.665898 -21022.793124  14875.850582   -128.170759  3  4  4  33       
PG32  14167.000244 -15446.411935  16485.549342    217.171851  2  3  4  74       
*  2026  8 14 21 30  0.00000000
PG01 -21019.748676 -14748.709801   6956.014273    196.873945  7  8  7 107       
PG02 -20539.516231 -17187.702362  -2097.650447    157.211405  5  6  3  69       
PG03 -12539.219239  -8306.637354  21692.418924    322.680325  5  4  1  66       
PG04 -23579.812845  -2000.023316  12269.989834     64.005313  5  5  3  80       
PG05   7288.685681  20265.792929 -15702.280409   -235.982174  4  6  5  56       
PG06  -3689.865897  15755.197695  21092.784655   -550.804563  2  6  2  77       
PG07 -19997.273485  -1691.827828 -16953.860791   -215.557298  5  3  4  71       
PG08 -15957.224498  -9111.498048 -19537.966409    373.683905  4  5  5  69       
PG09 -25456.361763   7329.845523   2365.941904    701.196342  4  4  2  43       
PG10  11069.848282 -22043.938656  -9096.786420   -551.222337  3  4  4  60       
PG11   7908.318422  21280.537160  13916.337174   -242.109177  4  8  4  66       
PG12  12347.260222  10222.494690  20893.729625   -604.159243  3  1  5  82       
PG13  12450.990517  11637.568590  20290.953784    429.129989  7  9  6  95       
PG14 -13154.381266  19604.278950 -11735.663034    750.224825  3  4  3  51       
PG15  17070.212911   7015.124187 -19671.306436    436.594168  5  6  5  76       
PG16  -1268.069272 -23840.324900 -11564.870861    316.046401  6  5  6  46       
PG17 -20838.130255  13233.003600  10531.753733   -188.224761  4  5  3  60       
PG18  18557.114563   -491.655410 -19046.734165   -280.131643  5  7  7  62       
PG19 -10159.773937  15690.192309  18608.433420    704.594212  3  5  3  70       
PG20   7433.810313  13380.516541 -21644.489534    260.460603  6  8  6  83       
PG21  -1787.509152  25818.638880  -5874.687400    383.001116  4  5  4  52       
PG22 -10724.319921  23997.640864  -4538.713658     58.053285  3  3  2  58       
PG23  14546.900180 -12556.903399 -18120.472377    679.279852  4  3  5  68       
PG25  15761.402143  -3366.735270  20681.875156    397.804409  5  3  4  62       
PG26   2939.903049 -26165.348636    249.727990   -388.823355  4  5  5  65       
PG27  -3505.030373 -15271.876621 -21792.852034      0.516913  4  4  5  84       
PG28   5680.846970 -14712.187119  21371.170013   -442.688460  2  5  2  82       
PG29  26110.639321  -3717.195713   3820.155048   -262.347458  2  4  5  52       
PG30 -10974.557148  11155.161253 -21257.183093    330.282862  3  3  5  72       
PG31  -3740.930406 -19839.991968  16806.369698   -128.168072  3  4  3  57       
PG32  15870.675271 -15784.083388  14436.814823    217.189373  1  2  4  66       
*  2026  8 14 21 45  0.00000000
PG01 -21303.120978 -15373.743810   4208.649875    196.865490  8  8  7  81       
PG02 -20066.772293 -17108.856192  -4883.590763    157.217681  5  6  3  71       
PG03 -12024.802854 -10726.275009  20923.989001    322.662436  5  4  2  74       
PG04 -22180.535880  -2619.498481  14540.377508     64.005745  5  5  4  57       
PG05   6931.211511  21875.279014 -13528.113638   -235.982491  4  6  5  73       
PG06  -5545.814615  14174.340186  21811.363455   -550.796011  3  6  2  64       
PG07 -21359.481139  -3070.592885 -15098.232974   -215.560448  6  4  4  67       
PG08 -13920.698271 -10070.858258 -20563.654495    373.675140  4  5  5  75       
PG09 -25128.431569   6953.805031   5185.421975    701.189154  4  4  2  70       
PG10  11002.440061 -20801.221542 -11692.363941   -551.216752  3  4  4  74       
PG11   6537.352912  20262.919547  15992.608167   -242.098330  3  7  4  32       
PG12  11681.127334  12529.381944  20013.394597   -604.158663  3  1  5  78       
PG13  12031.502142  13871.159051  19107.617135    429.134421  8  9  6  79       
PG14 -13138.983627  18076.735987 -13997.766418    750.224876  3  4  3  72       
PG15  15210.011228   8205.756613 -20737.221690    436.596971  5  6  5  83       
PG16   -726.507914 -24875.906392  -9034.215973    316.052606  6  5  6  57       
PG17 -21862.653764  13317.789910   7967.277925   -188.229028  4  5  3  68       
PG18  20055.406866    967.783307 -17474.880133   -280.123568  6  6  7  74       
PG19 -12204.365140  16022.926609  16980.061190    704.594631  2  5  3  63       
PG20   5111.143778  14290.975103 -21736.428187    260.469924  5  7  6  82       
PG21  -2124.939074  26274.624591  -3070.415841    382.995036  4  5  4  69       
PG22 -10768.545147  23253.574348  -7261.282668     58.060933  3  2  2  69       
PG23  14308.884271 -10388.399834 -19638.762164    679.283201  4  4  5  58       
PG25  15454.508501   -900.104882  21175.449115    397.801410  4  2  5  74       
PG26   3304.940974 -25920.058310   3053.021531   -388.825082  3  5  5  70       
PG27  -1244.179242 -16084.717320 -21407.008021      0.517327  5  4  5  65       
PG28   7629.572832 -13200.356195  21750.478423   -442.678776  2  4  2  82       
PG29  25602.661415  -3324.589381   6580.665352   -262.340833  2  4  5  76       
PG30 -12869.592277   9574.099136 -20988.762321    330.294301  2  2  4  87       
PG31  -2062.189746 -18596.118076  18437.984332   -128.165254  3  4  3  69       
PG32  17326.664340 -16127.649404  12141.738988    217.206798  1  1  3  61       
*  2026  8 14 22  0  0.00000000
PG01 -21380.554050 -15777.646707   1389.219912    196.857032  8  7  7  72       
PG02 -19325.355601 -16896.992359  -7587.834604    157.223884  5  5  3  84       
PG03 -11663.910538 -13061.639089  19789.338627    322.644543  5  4  2  76       
PG04 -20590.520324  -3402.030286  16563.062034     64.006159  5  5  3  59       
PG05   6680.992935  23245.161267 -11123.169615   -235.983081  4  6  6  55       
PG06  -7533.657380  12663.905137  22156.201021   -550.787500  4  6  1  64       
PG07 -22603.418508  -4237.081586 -12976.070068   -215.563675  7  4  4  74       
PG08 -11846.145310 -11174.769048 -21244.758913    373.666357  3  5  5  76       
PG09 -24536.004490   6427.679625   7915.875306    701.182011  4  4  3  47       
PG10  10968.810427 -19271.221095 -14080.133177   -551.211187  3  4  3  70       
PG11   4944.739084  19180.804938  17795.774606   -242.087307  2  7  3  51       
PG12  11156.379468  14747.230766  18780.128400   -604.158314  3  1  5  75       
PG13  11739.861718  15970.564020  17593.252903    429.138810  8  9  7  86       
PG14 -13165.327113  16309.401189 -16013.721963    750.224786  3  4  3  67       
PG15  13331.739511   9542.743549 -21463.219508    436.599539  5  6  5  87       
PG16   -294.390095 -25649.707853  -6346.625006    316.058475  6  5  6  59       
PG17 -22607.029254  13353.005452   5269.498626   -188.233856  4  5  3  60       
PG18  21475.114603   2223.059647 -15604.254882   -280.115549  6  7  8  60       
PG19 -14039.510946  16396.678963  15052.269903    704.594785  3  5  3  77       
PG20   2849.174260  15316.664920 -21452.274454    260.479248  4  7  6  84       
PG21  -2394.640334  26429.663898   -213.168743    382.989004  3  5  4  54       
PG22 -10792.113488  22216.663559  -9859.886655     58.068414  3  2  2  35       
PG23  14177.790773  -8058.605491 -20813.973288    679.286568  4  4  5  48       
PG25  15264.900713   1611.400091  21290.803565    397.798327  4  2  5  68       
PG26   3677.509515 -25375.128207   5802.223512   -388.826834  3  5  5  53       
PG27    919.346300 -16987.943313 -20662.809380      0.517290  4  4  5  87       
PG28   9672.404735 -11780.290481  21755.614049   -442.669067  2  4  3  81       
PG29  24827.669653  -2805.206799   9228.957767   -262.334174  1  3  5  83       
PG30 -14794.296704   8117.608798 -20353.267419    330.305686  2  2  3  72       
PG31   -190.921636 -17334.403062  19741.658844   -128.162821  3  4  2  64       
PG32  18517.075677 -16437.982478   9638.736665    217.224282  1  1  4  76       
*  2026  8 14 22 15  0.00000000
PG01 -21223.628968 -15984.225826  -1453.993175    196.848636  8  7  7  62       
PG02 -18307.624034 -16588.983067 -10164.455211    157.230362  5  5  3  65       
PG03 -11447.294007 -15262.671171  18308.913159    322.626624  5  4  3  76       
PG04 -18852.018034  -4359.887900  18303.370395     64.006598  5  5  4  67       
PG05   6507.521485  24345.087028  -8528.118372   -235.983207  3  6  6  74       
PG06  -9616.481946  11258.507194  22121.891091   -550.778931  4  6  2  64       
PG07 -23687.854866  -5194.533603 -10626.594819   -215.566589  8  4  3  72       
PG08  -9777.016654 -12411.005247 -21568.741308    373.657511  3  5  5  77       
PG09 -23707.563506   5725.194629  10510.234008    701.174840  4  4  3  49       
PG10  11005.189663 -17481.032354 -16217.396714   -551.205566  2  4  3  72       
PG11   3145.134555  18076.194127  19295.027818   -242.076362  3  7  3  74       
PG12  10765.485158  16828.703285  17216.142121   -604.157798  3  1  5  69       
PG13  11559.459960  17892.758827  15774.174501    429.143197  8  8  7  86       
PG14 -13262.752277  14333.472538 -17748.347686    750.224702  2  4  3  75       
PG15  11476.659853  11009.799558 -21837.949581    436.602151  4  7  6  91       
PG16     58.715976 -26136.635340  -3548.161868    316.064589  6  5  6  54       
PG17 -23069.682634  13300.501317   2483.257108   -188.238916  4  5  3  58       
PG18  22771.853399   3271.417892 -13467.439477   -280.107495  6  7  8  53       
PG19 -15636.839752  16776.127907  12858.199495    704.595075  3  5  3  62       
PG20    690.926454  16433.472418 -20797.012653    260.488588  4  7  6  84       
PG21  -2633.232204  26275.254158   2647.756370    382.982854  3  5  4  59       
PG22 -10831.644823  20898.144761 -12289.414378     58.075957  3  2  2  60       
PG23  14173.950486  -5613.890259 -21626.229642    679.289934  4  5  5  50       
PG25  15198.287463   4117.938672  21026.587330    397.795344  4  2  5  74       
PG26   4091.226409 -24540.103699   8448.425770   -388.828593  2  5  4  68       
PG27   2948.463188 -17953.791475 -19571.166842      0.517761  4  4  5  87       
PG28  11769.069093 -10480.102816  21386.563029   -442.659394  2  4  3  87       
PG29  23813.634382  -2132.382983  11719.745703   -262.327792  1  3  5  80       
PG30 -16706.177225   6806.396654 -19362.719484    330.317146  2  2  3  68       
PG31   1847.266218 -16095.669027  20694.389472   -128.160184  2  4  2  74       
PG32  19432.470051 -16674.515921   6970.063747    217.241728  1  1  4  68       
*  2026  8 14 22 30  0.00000000
PG01 -20810.416732 -16023.109950  -4272.318054    196.840137  8  7  7  76       
PG02 -17014.377452 -16223.280661 -12569.104351    157.236537  5  5  3  66       
PG03 -11357.501174 -17283.042891  16509.203622    322.608729  5  4  3  69       
PG04 -17010.253334  -5497.318044  19731.344488     64.007072  4  5  3  56       
PG05   6375.817411  25152.335932  -5787.023310   -235.983516  3  5  6  72       
PG06 -11752.118524   9986.129284  21709.483191   -550.770392  5  6  3  62       
PG07 -24575.042672  -5954.453710  -8092.440125   -215.569848  8  4  2  73       
PG08  -7754.749657 -13759.893118 -21528.862187    373.648684  3  5  5  78       
PG09 -22677.696829   4826.526253  12923.635693    701.167714  4  4  2  59       
PG10  11142.876968 -15465.949169 -18065.997159   -551.199914  2  4  3  62       
PG11   1161.217435  16988.882764  20464.702765   -242.065501  4  6  3  73       
PG12  10493.191564  18730.000607  15349.521051   -604.157197  3  1  5  75       
PG13  11466.928935  19599.707932  13681.987150    429.147616  9  8  7  85       
PG14 -13455.225612  12186.450884 -19171.577576    750.224689  3  4  3  81       
PG15   9682.909001  12583.770668 -21855.542152    436.605047  3  6  6  76       
PG16    366.978748 -26319.601524   -687.390975    316.070584  7  4  5  31       
PG17 -23257.254413  13123.464179   -344.816647   -188.243223  3  5  4  59       
PG18  23903.045070   4118.541186 -11101.365412   -280.099402  6  7  8  54       
PG19 -16975.957397  17122.768253  10436.041566    704.595141  3  6  4  51       
PG20  -1325.534199  17610.798739 -19782.073792    260.497960  4  6  5  89       
PG21  -2878.271905  25811.804778   5463.001900    382.976782  4  5  4  61       
PG22 -10921.500153  19317.689607 -14507.246786     58.083798  3  3  2  67       
PG23  14309.742600  -3104.157368 -22062.129238    679.293292  4  5  4  73       
PG25  15252.320567   6569.728229  20388.438723    397.792365  5  2  5  77       
PG26   4577.354072 -23432.990503  10944.423542   -388.830349  2  5  4  67       
PG27   4811.453103 -18948.921166 -18148.829890      0.517575  4  4  5  79       
PG28  13875.379792  -9320.794062  20649.739799   -442.649722  3  3  3  83       
PG29  22594.657067  -1285.505698  14010.331570   -262.321138  1  2  5  71       
PG30 -18560.929654   5653.454630 -18035.334008    330.328596  3  2  3  60       
PG31   4019.466226 -14916.721388  21279.639369   -128.157561  2  4  2  72       
PG32  20072.127986 -16796.921927   4181.148714    217.259259  1  2  4  67       
*  2026  8 14 22 45  0.00000000
PG01 -20126.437941 -15928.450124  -7017.515383    196.831744  8  7  6  73       
PG02 -15455.084688 -15838.363336 -14759.767437    157.243274  5  5  2  84       
PG03 -11369.707930 -19081.792720  14422.220445    322.590861  5  4  3  76       
PG04 -15111.791659  -6810.192178  20822.256382     64.007517  3  4  3  67       
PG05   6247.934223  25652.637497  -2946.624034   -235.983755  2  5  5  62       
PG06 -13894.603538   8867.180499  20926.433641   -550.761806  5  6  4  71       
PG07 -25232.122885  -6535.819989  -5418.773061   -215.572841  8  4  2  78       
PG08  -5817.351447 -15194.879502 -21124.371643    373.639826  3  5  5  84       
PG09 -21485.764387   3719.289173  15114.210256    701.160595  5  4  2  57       
PG10  11406.823784 -13268.198592 -19593.071885   -551.194227  2  4  2  77       
PG11   -976.979060  15954.949378  21284.709721   -242.054590  5  6  4  79       
PG12  10317.293102  20412.427479  13213.658997   -604.156702  3  1  5  78       
PG13  11433.189168  21059.685616  11353.023948    429.152035  9  8  7  90       
PG14 -13760.281603   9910.810341 -20258.992447    750.224672  3  4  3  73       
PG15   7984.257260  14235.349070 -21515.672613    436.608053  3  6  6  73       
PG16    666.771526 -26190.282167   2185.480018    316.076609  7  4  5  46       
PG17 -23184.306467  12787.974047  -3167.016235   -188.248229  3  5  3  55       
PG18  24829.501744   4778.104799  -8546.669949   -280.091334  6  6  8  85       
PG19 -18045.125053  17396.550063   7828.354554    704.595398  4  6  4  42       
PG20  -3168.382065  18812.698655 -18425.128613    260.507329  4  6  5  81       
PG21  -3166.596044  25048.644202   8184.008870    382.970650  4  4  3  76       
PG22 -11092.272122  17502.851005 -16474.041597     58.091251  3  3  2  83       
PG23  14589.088748   -581.069762 -22114.933225    679.296716  4  5  4  60       
PG25  15416.752373   8918.837716  19388.808273    397.789421  5  2  5  86       
PG26   5163.317818 -22079.618347  13245.646806   -388.832093  2  5  4  74       
PG27   6483.015839 -19935.599586 -16418.234294      0.517565  4  4  5  79       
PG28  15944.786392  -8315.571255  19557.872647   -442.640009  3  2  4  80       
PG29  21209.696261   -251.014479  16061.330187   -262.314744  1  2  5  80       
PG30 -20314.055070   4663.759884 -16395.126459    330.340027  4  3  3  75       
PG31   6286.604390 -13828.926598  21487.631330   -128.155021  3  4  2  88       
PG32  20443.990028 -16766.812537   1319.847923    217.276703  2  3  4  73       
*  2026  8 14 23  0  0.00000000
PG01 -19165.347790 -15737.456230  -9642.590942    196.823401  8  7  6  77       
PG02 -13647.798096 -15471.157709 -16697.520036    157.249210  5  5  2  75       
PG03 -11452.847383 -20624.746507  12084.870851    322.572929  5  4  4  81       
PG04 -13202.863398  -8285.976718  21557.043275     64.007911  2  4  3  72       
PG05   6084.593172  25840.681956    -55.562038   -235.983693  3  5  6  79       
PG06 -15995.789600   7913.855502  19786.453454   -550.753235  5  6  5  53       
PG07 -25632.315864  -6964.022683  -2652.423437   -215.575721  8  4  3  79       
PG08  -3998.100119 -16683.374213 -20360.616345    373.630956  3  5  5  73       
PG09 -20174.385980   2399.240983  17043.823293    701.153456  5  4  2  67       
PG10  11814.491224 -10935.394779 -20771.692659   -551.188607  2  5  1  80       
PG11  -3233.013036  15005.396596  21740.876524   -242.043679  5  5  4  88       
PG12  10209.686025  21843.749683  10846.594539   -604.155693  4  1  5  74       
PG13  11424.728894  22248.357020   8827.698474    429.156473  9  8  8  84       
PG14 -14188.240765   7552.482858 -20992.233099    750.224610  3  4  4  63       
PG15   6409.026787  15930.007108 -20823.568326    436.610651  3  6  6  73       
PG16    995.021434 -25749.542025   5019.527457    316.082500  7  4  5  55       
PG17 -22872.740799  12264.483466  -5935.312120   -188.252828  3  4  3  48       
PG18  25516.884869   5271.030942  -5847.003469   -280.083280  6  6  8  94       
PG19 -18841.590322  17557.607977   5081.271024    704.595910  4  6  4  59       
PG20  -4813.063917  19999.240216 -16749.770004    260.516623  4  6  5  80       
PG21  -3532.692556  24003.693173  10763.860871    382.964512  4  4  3  54       
PG22 -11369.407751  15488.203418 -18154.487403     58.099171  3  3  2  71       
PG23  15007.297727   1903.777333 -21784.627840    679.300075  4  5  4  66       
PG25  15673.932565  11120.889552  18046.638003    397.786422  5  2  5  77       
PG26   5871.381766 -20512.689215  15311.042892   -388.833809  2  5  3  72       
PG27   7945.099084 -20873.085022 -14407.254731      0.517509  4  4  5  79       
PG28  17930.021314  -7469.476689  18129.781931   -442.630284  4  2  4  82       
PG29  19701.117346    976.867009  17837.343855   -262.308009  2  3  5  65       
PG30 -21922.479583   3834.300990 -14471.418752    330.351454  5  3  3  66       
PG31   8604.827247 -12857.034886  21315.492868   -128.152371  3  3  2  76       
PG32  20564.266045 -16549.396544  -1564.365505    217.294126  2  4  4  66       
*  2026  8 14 23 15  0.00000000
PG01 -17929.319961 -15488.825504 -12102.588071    196.814999  8  7  6  84       
PG02 -11618.746953 -15155.497310 -18347.271967    157.256006  5  5  2  70       
PG03 -11570.987036 -21885.667972   9538.255571    322.554997  5  5  4  87       
PG04 -11327.705286  -9904.030055  21922.654188     64.008320  1  4  3  70       
PG05   5846.885685  25720.301341   2836.439514   -235.984077  3  5  6  72       
PG06 -18007.041220   7129.817031  18309.257254   -550.744647  5  6  5  40       
PG07 -25755.861027  -7269.588138    158.963733   -215.579200  9  4  4  80       
PG08  -2324.413006 -18187.841614 -19249.055207    373.622139  4  5  5  84       
PG09 -18787.808727    870.672967  18678.761903    701.146323  5  4  2  58       
PG10  12375.031849  -8518.779445 -21581.373728   -551.182961  2  5  1  80       
PG11  -5565.227109  14164.996801  21825.195870   -242.032757  6  5  5  72       
PG12  10137.661266  22999.291117   8290.267030   -604.155508  4  1  5  75       
PG13  11405.063773  23149.578069   6149.786508    429.160910 10  7  8  90       
PG14 -14741.733763   5159.220281 -21359.289502    750.224594  3  4  4  76       
PG15   4979.203126  17629.121499 -19789.957492    436.613442  3  6  6  72       
PG16   1387.507644 -25007.502077   7764.089299    316.088723  7  4  4  58       
PG17 -22350.945075  11529.161395  -8602.137850   -188.257743  3  4  4  52       
PG18  25936.986820   5624.476512  -3048.300173   -280.075268  6  6  8  96       
PG19 -19371.553445  17568.005872   2243.614806    704.596087  4  6  4  46       
PG20  -6243.044417  21128.031534 -14785.091093    260.525928  4  5  4  74       
PG21  -4007.167553  22702.817118  13158.098068    382.958233  5  4  3  84       
PG22 -11772.022241  13314.203201 -19518.009614     58.106764  3  4  2  77       
PG23  15551.262909   4300.665099 -21077.862177    679.303449  4  5  4  67       
PG25  15999.617244  13136.599628  16386.911007    397.783434  5  2  6  78       
PG26   6717.542122 -18770.549731  17103.886471   -388.835549  3  5  3  60       
PG27   9187.468120 -21719.162809 -12148.857471      0.518010  5  4  5  85       
PG28  19784.783301  -6779.341308  16390.054871   -442.620615  5  3  5  85       
PG29  18113.119732   2395.695361  19307.577727   -262.301578  3  3  5  80       
PG30 -23346.113844   3154.423374 -12298.260561    330.362927  5  3  2  76       
PG31  10927.081331 -12018.296067  20767.253225   -128.149914  3  3  3  64       
PG32  20456.722779 -16115.024747  -4421.266572    217.311613  2  5  4  68       
*  2026  8 14 23 30  0.00000000
PG01 -16429.114264 -15221.123180 -14355.346769    196.806533  8  6  6  68       
PG02  -9401.612704 -14920.678183 -19678.482594    157.262472  5  5  2  61       
PG03 -11684.895150 -22847.097433   6826.901633    322.536982  5  5  4  97       
PG04  -9526.981638 -11636.218026  21912.301348     64.008825  1  4  3  74       
PG05   5497.977870  25304.310022   5679.429036   -235.984334  3  5  6  59       
PG06 -19880.953211   6510.211050  16520.218397   -550.736018  5  6  6  45       
PG07 -25590.680823  -7486.746722   2967.736689   -215.582148  8  4  5  82       
PG08   -816.927317 -19667.107333 -17807.176532    373.613300  4  5  5  74       
PG09 -17370.216833   -853.531445  19990.349068    701.139214  5  4  3  63       
PG10  13088.830589  -6071.325573 -22008.436584   -551.177314  2  5  1  75       
PG11  -7928.144911  13451.386015  21535.973286   -242.021861  6  5  6  57       
PG12  10065.378545  23862.729735   5589.711495   -604.154839  4  1  5  64       
PG13  11336.318425  23755.884164   3365.650819    429.165335 10  7  8  83       
PG14 -15415.548216   2778.901320 -21354.663250    750.224554  4  4  4  74       
PG15   3709.768877  19291.253480 -18430.958821    436.616202  4  5  6  67       
PG16   1877.182746 -23983.235357  10369.769489    316.094254  7  4  4  52       
PG17 -21652.690158  10565.047426 -11121.198958   -188.262242  3  4  4  63       
PG18  26068.789612   5870.593963   -198.023062   -280.067262  7  6  8  71       
PG19 -19649.767338  17393.419785   -634.050326    704.596402  5  6  5  60       
PG20  -7450.236771  22155.854594 -12565.167261    260.535246  4  5  4  78       
PG21  -4615.367617  21178.883104  15325.486734    382.952153  5  4  3  67       
PG22 -12311.957275  11025.807199 -20539.409737     58.114511  3  4  2  70       
PG23  16200.000043   6563.470874 -20007.767301    679.306831  5  5  4  62       
PG25  16364.049671  14933.094331  14440.088379    397.780410  6  2  5  81       
PG26   7710.687574 -16895.740429  18592.495219   -388.837263  3  5  3  52       
PG27  10207.986639 -22431.780645  -9680.649822      0.518099  5  4  5  79       
PG28  21465.393006  -6234.063370  14368.622472   -442.610944  5  4  5  74       
PG29  16490.100282   3994.687822  20446.384602   -262.294806  4  3  5  82       
PG30 -24549.292550   2606.474236  -9913.780328    330.374392  6  4  2  76       
PG31  13204.816541 -11321.902252  19853.696611   -128.147240  3  2  4  66       
PG32  20151.672397 -15440.558163  -7200.781603    217.329108  3  5  5  42       
*  2026  8 14 23 45  0.00000000
PG01 -14683.824719 -14971.177286 -16362.217326    196.798131  9  6  5  84       
PG02  -7036.501716 -14790.172769 -20665.828699    157.268847  5  5  2  86       
PG03 -11753.731132 -23500.850549   3997.948442    322.519039  5  5  5  91       
PG04  -7836.345364 -13447.827534  21525.610253     64.009235  1  5  4  78       
PG05   5004.749720  24614.007039   8424.098307   -235.984539  4  4  6  66       
PG06 -21573.028326   6042.011902  14449.936450   -550.727408  5  6  6  24       
PG07 -25132.756468  -7651.905050   5726.995337   -215.585420  8  4  5  50       
PG08    511.167584 -21077.836661 -16058.310444    373.604464  5  5  5  64       
PG09 -15964.049728  -2752.176180  20955.473835    701.132112  4  5  3  57       
PG10  13947.422587  -3645.786620 -22046.224551   -551.171646  2  5  1  83       
PG11 -10274.019718  12874.440727  20877.872632   -242.010975  7  5  6  73       
PG12   9955.458366  24426.565219   2792.212074   -604.154206  5  1  5  83       
PG13  11180.866499  24068.650013    523.423864    429.169729 10  6  8  88       
PG14 -16196.800746    457.851771 -20979.403926    750.224537  4  4  5  83       
PG15   2608.282656  20873.545862 -16767.909758    436.619016  5  5  6  74       
PG16   2492.593017 -22704.095890  12789.442350    316.100311  7  4  3  56       
PG17 -20815.815279   9362.966569 -13448.292005   -188.266600  4  4  4  71       
PG18  25899.264032   6045.113025   2655.606118   -280.059256  8  6  8  76       
PG19 -19698.787602  17004.683934  -3500.415729    704.596528  5  6  5  50       
PG20  -8435.103395  23040.341884 -10128.452083    260.544510  4  4  4  68       
PG21  -5376.211825  19470.558255  17228.730763    382.946121  5  4  3  80       
PG22 -12993.129014   8670.899515 -21199.419353     58.122109  3  4  2  78       
PG23  16925.499786   8651.233802 -18593.664402    679.310177  5  5  5  63       
PG25  16733.261252  16484.955423  12241.452897    397.777448  6  2  5  85       
PG26   8852.064042 -14933.385165  19750.832686   -388.838938  3  4  2  64       
PG27  11012.589502 -22970.723064  -7044.325469      0.518296  5  4  6  79       
PG28  22932.357645  -5815.200793  12100.245746   -442.601248  6  4  5  76       
PG29  14875.014724   5754.926299  21233.728907   -262.288643  5  4  5  87       
PG30 -25502.040547   2166.715863  -7359.481180    330.385831  6  4  2  75       
PG31  15389.740665 -10768.775808  18592.080153   -128.144532  2  2  4  66       
PG32  19684.698095 -14510.499079  -9853.911831    217.346576  3  6  5  35       
EOF
